Food;Fertil;GPRH;Metal;Oil;Raw_Material;Temperature;VIX;EURUSD;Meat;Vege_Oil;Wheat;Sugar;Food_lag
-1.4;1.11722668;-9.81172943;-1.21945733110098;-0.51;0.109745930000003;0.146844300897315;1.629999;-0.0341;1.89876027411053;-4;-38.25;-0.803987241758845;-2.6
-1.2;2.10597763;34.26613236;-0.534472295907566;2.67;0.0301234699999995;-0.19045131919879;-4.619999;-0.0255000000000001;2.87357844147117;1.19;43;0.217060952622814;-1.4
-0.399999999999999;-1.57422798;13.9156723;1.0418693527716;2.63;-0.0363986999999995;-0.0776867676883762;1.81;-0.02;1.06814173589429;0.369999999999997;-21.25;-0.251899046156547;-1.2
-0.799999999999997;0.0572446600000021;-16.15402985;2.12507989999028;0.41;1.45334395;-0.104711254200261;0.319998999999999;-0.0146999999999999;2.77053774446978;-1.51;-6.75;-0.356486407753951;-0.399999999999999
-2;-0.235509970000003;-8.31333160000001;0.495689167476343;0.200000000000003;1.51438954;-0.105024539812979;-4.299999;-0.00659999999999994;-0.670917057717418;-1.5;-2.25;0.103441985735013;-0.799999999999997
1.8;-0.589696909999997;-17.63756562;2.25659289515067;2.18;0.27662428;-0.116171148699245;3.549999;0.0349999999999999;-0.290435178593626;-1.37;13.75;-0.199470030617791;-2
0.200000000000003;0.272939260000001;-2.42374419999999;0.964624372623845;1.18;0.127774349999996;-0.16920505953077;-0.189997999999999;-0.0143;2.65988826603827;2.24;1;1.1746609317845;1.8
-1.4;0.0448061799999984;13.0557518;2.52705865121769;2.52;0.641584620000003;-0.140988959478136;0.959999;0.012;-0.0602095441663977;-0.460000000000001;11;0.257944181900414;0.200000000000003
0;-0.438598509999998;2.04200363;0.305785940620325;-1.11;-0.100186430000001;-0.169827413936535;-3.209999;-0.0133000000000001;1.67432166564501;-0.220000000000002;-20;-0.203423585578281;-1.4
-1.3;-0.315149000000002;-13.65205383;0.778923565780794;2.31;0.53945255;-0.160749188154062;1.979999;-0.0459999999999998;-2.74672289997048;0.380000000000003;-22.75;-0.938104868361238;0
0.700000000000003;0.11925969;26.05451203;0.310189982267126;1.1;-0.334059740000001;0.0338298910176289;0.459999;-0.00160000000000005;-2.03490660297952;-0.890000000000001;15.5;0.0817769558670722;-1.3
-0.300000000000004;1.51221293;-17.20937348;0.903342099109864;1.16;-0.0962234599999974;-0.176518273538994;0.310002000000001;-0.038;1.0579631557984;0.82;7.75;-0.77151382768316;0.700000000000003
0.5;1.82109555;1.49398041;-1.10318252110098;2.11;0.739049690000002;0.0357847427958017;-1.58;-0.00480000000000003;-1.65123972588948;-0.990000000000002;-9.25;-0.803987241758844;-0.300000000000004
0.600000000000001;-0.196778500000001;-15.07854462;-1.68904490590756;0.469999999999999;0.158283939999997;-0.0404513191987901;0.740000000000002;-0.00849999999999995;4.19357844147117;2.73;15.25;1.89706095262281;0.5
0.200000000000003;-0.787113990000002;0.278251650000001;-2.6063334272284;-4.12;0.484273819999999;0.0823132323116238;2.09;-0.0439000000000001;2.74814173589429;-0.649999999999999;-20;-0.421899046156547;0.600000000000001
0.199999999999996;1.10911517;20.54364014;2.01136584999028;3.07;-0.621562509999997;-0.0747112542002609;-2.550001;0.0256;-1.34946225553023;-1.91;32.5;2.37351359224605;0.200000000000003
0.200000000000003;2.02145183;-10.19710541;0.893385487476337;3.03;-0.0796338299999988;-0.125024539812979;-4.109999;0.0147;-0.48091705771742;-0.0800000000000018;-15.25;0.453441985735013;0.199999999999996
-0.799999999999997;2.49975219;-10.43138123;0.640061245150676;-2.12;-1.66875062;-0.116171148699245;1.199999;-0.0263;-1.51043517859362;-0.439999999999998;-13.25;1.32052996938221;0.200000000000003
-0.600000000000001;1.79850518;-6.97050476;0.0606157426238454;1.56;0.472874179999998;-0.0692050595307698;-3.9;-0.0375;-0.47011173396173;0.48;4.5;0.4946609317845;-0.799999999999997
0.799999999999997;-2.79067686;12.06187821;2.70579124121769;2.62;-2.95306254;-0.100988959478136;3.73;-0.00490000000000002;1.36979045583359;-0.240000000000002;14.25;-0.702055818099588;-0.600000000000001
0.399999999999999;-0.468066370000003;13.5160141;-1.53501415937967;-0.770000000000003;-0.284877359999996;-0.199827413936535;3.059999;-0.0346;1.15432166564501;-0.739999999999998;-10.25;0.0365764144217202;0.799999999999997
0.600000000000001;-2.37311347;-21.66726685;-0.537094834219211;1.31;-0.961516420000002;-0.250749188154062;6.020001;0.0230999999999999;-1.10672289997048;0.109999999999999;1.25;0.011895131638763;0.399999999999999
-0.600000000000001;-0.483001760000001;2.54895401;0.400845402267123;-5.98;-0.719985989999998;-0.166170108982371;-2.8;0.0700000000000001;6.66509339702048;-0.140000000000001;23.5;0.191776955867072;0.600000000000001
0.400000000000006;3.57779085;-1.0268631;-0.996139190890133;1.15;-1.21213693;-0.046518273538994;-4.83;-0.00590000000000002;-2.16203684420161;0.0600000000000005;-6.5;-0.321513827683161;-0.600000000000001
0.899999999999999;-2.25400824;-4.56391906;-1.48527890110098;0.0199999999999996;-0.0278276900000023;-0.114215257204198;6.33;-0.0131;3.57876027411052;0.950000000000001;-8;-0.703987241758846;0.400000000000006
-0.5;-0.912336660000001;8.487957;-1.96653221590756;-2.36;-0.957785090000002;0.0595486808012099;0.289998999999998;-0.0456;-2.25642155852883;0.149999999999999;-10;-0.882939047377185;0.899999999999999
0.799999999999997;-0.511624089999998;-3.89252091;-1.1697446972284;0.239999999999998;-0.514631289999997;0.0423132323116238;-3.159999;0.0103;-0.581858264105705;-1.01;17.75;2.06810095384345;-0.5
-0.600000000000001;-1.67265828;8.62691879;1.95191946999029;1.14;-0.599087480000001;0.115288745799739;-2.840001;-0.0422;2.64053774446978;-0.119999999999999;-5.75;-0.966486407753951;0.799999999999997
1.7;0.18754328;5.54135895;-0.25932483252366;-1.03;-0.590362710000001;0.0349754601870216;-3.58;0.00409999999999999;-3.26091705771742;0.18;-20.25;0.543441985735013;-0.600000000000001
0.100000000000001;0.0709315799999999;-1.66181946;-1.66661676484932;-1.17;-0.999239809999999;0.0838288513007553;2.560002;0.0262;-0.41043517859363;3.69;31.75;-2.23947003061779;1.7
-1.2;0.249821130000001;-2.17953872;-0.826965417376158;0.940000000000001;0.0684776800000009;0.0807949404692302;3.299999;0.0362;-0.0501117339617281;-2.04;-0.5;0.3146609317845;0.100000000000001
-1.2;0.787709829999997;4.67495407893642;0.0361317312176865;-1.17;0.295891019999999;0.0190110405218642;7.01;-0.000700000000000034;-7.0702095441664;-1.34;-7.25;-1.12205581809959;-1.2
0.5;0.228978619999999;20.9129991452481;-0.510451979379674;-4.03;-2.51690977;0.0101725860634648;1.630001;-0.0118999999999999;-2.26567833435499;0.130000000000001;22.5;-0.0534235855782805;-1.2
-0.400000000000006;0.376153070000001;25.2246079062943;1.49527702578079;-2.53;-0.436726450000002;0.199250811845938;-9.720001;-0.00330000000000008;0.22327710002952;0.590000000000002;-11.75;1.10189513163876;0.5
-0.799999999999997;0.724599560000001;-1.17866824514364;-0.525120567732877;-0.25;0.260017789999999;0.0738298910176288;-0.0400010000000002;-0.00559999999999994;-0.43490660297951;-0.820000000000002;7.5;-0.548223044132928;-0.400000000000006
-1.8;0.423371920000001;-23.2836279516006;-0.55503974089013;0.329999999999998;0.238062569999997;0.193481726461006;-2.709999;-0.0324;6.08796315579839;-0.0899999999999999;-3;-1.08151382768316;-0.799999999999997
0.299999999999997;-0.246785470000006;-8.4544385761204;-0.835886781100978;1;1.00125341;0.265784742795802;0.5;0.0101;-4.62123972588948;0.130000000000001;-18.75;-0.423987241758844;-1.8
-1;-1.34167157;17.9858159467157;0.471847014092436;3.81;0.485001329999996;0.22954868080121;-4.19;0.00319999999999998;1.81357844147118;1.06;17.75;0.587060952622813;0.299999999999997
-0.5;-1.13474119;10.780836662701;-0.974633957228402;1.65;0.721513560000005;0.0323132323116238;4.51;0.0284;-3.0518582641057;-0.32;-23.25;0.0681009538434534;-1
0.799999999999997;0.347144919999998;9.35083204389072;0.694070779990287;0.859999999999999;0.505766999999999;0.0852887457997391;-1.93;0.0337;-1.09946225553024;2.41;20.5;0.20351359224605;-0.5
0.700000000000003;0.627858500000002;-6.02053834927651;1.80348834747633;-1.52;2.69254237;0.0849754601870215;5.42;0.0579000000000001;2.74908294228258;-0.390000000000001;24.75;-0.486558014264987;0.799999999999997
1.4;0.122393959999997;-14.8600647944936;-0.677047904849317;1.45;1.75483164;0.113828851300755;6.629999;-0.0143;0.839564821406384;1.82;27;-0.689470030617792;0.700000000000003
1.5;1.88153765;0.229153547854494;-1.25385056737616;1.42;1.33169248;0.0307949404692303;0.610000000000007;0.00449999999999995;-0.250111733961731;0.41;28.25;0.5146609317845;1.4
0.300000000000004;-1.59250002;24.6278665604982;1.01683816121769;1.27;0.291333540000004;0.0590110405218641;7.05;0.00480000000000003;1.1897904558336;-0.84;34.25;0.997944181900413;1.5
1.09999999999999;-0.243522370000001;8.4898438713487;0.862399430620329;-0.82;-0.351880260000001;-0.0198274139365352;-8.55;0.00390000000000001;-1.26567833435499;1.88;5.75;0.656576414421719;0.300000000000004
-0.699999999999996;-0.0624198000000007;-1.2409273700559;2.01189044578079;-2.49;-0.0956143800000007;0.0792508118459375;-3.639999;0.00390000000000001;5.60327710002952;0.889999999999997;-29.25;0.131895131638762;1.09999999999999
0.399999999999999;0.991297760000002;-0.49355148903912;-0.86772724773288;3.11;0.898764329999999;-0.00617010898237114;1.120001;0.0555;-0.814906602979519;-1.39;-48;-0.538223044132928;-0.699999999999996
0.5;1.6422231;20.7156001576726;-0.345464190890134;3.49;0.0514774399999993;0.193481726461006;2.549999;0.0267999999999999;7.75796315579839;-0.670000000000002;-4.5;1.23848617231684;0.399999999999999
-1;3.30003663;4.47239235037082;-0.06234827110098;2.88;0.485545989999999;0.0657847427958016;-1.540001;0.00290000000000012;-4.73123972588947;0.43;-8;0.226012758241154;0.5
0.100000000000001;1.40935716;-14.5692667036526;-1.09746912590756;-2.32;1.18832178;0.0195486808012099;-0.479999000000003;0.0125999999999999;-1.54642155852883;0.379999999999999;-25.75;-0.572939047377186;-1
0.699999999999996;-2.83065679;0.378885406355337;-1.9467755772284;-5.34;-0.758657790000001;0.0323132323116238;-7.940001;0.0259;3.9181417358943;0.5;-7.25;-0.0618990461565465;0.100000000000001
-0.299999999999997;1.41630579;-6.36631704873965;2.50503033999028;-0.0600000000000023;-0.5836817;0.115288745799739;-1.74;0.0604;8.07053774446977;0.140000000000001;44.75;-0.236486407753951;0.699999999999996
0.700000000000003;0.954146539999996;-1.03891710092935;1.83933521747634;2.55;0.172091139999999;0.0349754601870216;0.0500009999999982;-0.0276000000000001;-8.95091705771742;0.0300000000000011;-22.5;-1.24655801426499;-0.299999999999997
0.899999999999999;1.41691293;-5.07475250065056;0.270050025150674;0.100000000000001;0.144355080000004;0.0838288513007553;-0.0300000000000011;-0.028;4.86956482140637;-2.83;46.75;0.300529969382208;0.700000000000003
1.1;-0.22996028;-4.70251824045538;0.878860982623848;0.809999999999999;0.803651559999999;0.13079494046923;-0.860000999999997;-0.0250999999999999;5.52988826603827;1.62;19;-0.5853390682155;0.899999999999999
1.59999999999999;0.964193260000002;-9.12575482831878;0.810113821217683;-3.26;0.387996209999997;0.129011040521864;4.09;0.0679999999999998;4.1597904558336;3.76;-7.25;-0.00205581809958577;1.1
1.5;1.13613417;-7.18832589982314;2.66525232062033;2.03;2.49404629;0.230172586063465;-6.619999;-0.00759999999999983;9.48432166564501;0.98;9.25;-0.363423585578281;1.59999999999999
0.600000000000001;0.354700680000001;1.34148272312379;2.0897506657808;0.77;0.284002030000003;0.0592508118459375;0.219999999999999;0.0409999999999999;-0.52672289997048;1.4;24.75;0.481895131638762;1.5
1.9;0.833687689999998;14.3915770161867;1.34252229226712;1.02;-0.7920424;0.263829891017629;1.989999;0.0593999999999999;0;0.670000000000002;-17.25;-0.838223044132928;0.600000000000001
0.700000000000003;0.621743790000004;-11.3689518916693;1.85013048910987;2.18;0.558861799999995;0.0934817264610061;-1.68;-0.0119;4.40796315579838;1.7;12;0.118486172316841;1.9
1.7;-3.37302559;1.48279816183145;1.82619357889902;0.379999999999995;0.687050470000003;0.205784742795802;-2.079999;0.00210000000000021;-0.851239725889471;4.38;-8.25;0.136012758241155;0.700000000000003
0.599999999999994;-0.551167059999997;6.43019655228204;0.0329789740924369;2.05;-0.065530729999999;0.10954868080121;2.19;-0.0175000000000001;4.27357844147117;-2.05;27.25;1.01706095262281;1.7
-0.899999999999991;-0.30411222;15.9791032015974;-0.449687407228396;0.00999999999999801;0.0345534300000025;0.0523132323116238;0.450001;-0.0333000000000001;4.96814173589429;0.330000000000002;-26.5;0.498100953843453;0.599999999999994
-0.300000000000011;1.07691505;-15.8216072588818;-1.81100941000972;3.53;1.21915552999999;-0.0647112542002609;-1.690001;0.0204;6.07053774446977;-5.08;-19.5;0.463513592246048;-0.899999999999991
-0.5;3.19854502;20.4212441587827;2.61148052747634;-2.25;0.0966439100000045;-0.0350245398129785;-1.16;9.9999999999989e-05;-2.17091705771742;-0.599999999999998;-24;-0.316558014264986;-0.300000000000011
-1.09999999999999;4.62266999;-4.48967567885208;1.28146786515067;2.75;-1.2883649;-0.0461711486992446;0.98;-0.0166999999999999;-2.01043517859362;-5.29;-25.75;0.460529969382208;-0.5
0.700000000000003;2.61345385;-0.157418435196462;-0.360922587376152;4.12;-0.67698394;-0.00920505953076978;-0.0300000000000011;0.0168000000000001;-1.75011173396173;4.14;-2.5;0.0446609317845006;-1.09999999999999
-0.5;4.20422362;12.4777014853625;1.39706755121769;1.04;0.170705859999998;0.0290110405218642;-1.95;0.0244;-1.2102095441664;-4.44;-3;0.597944181900413;0.700000000000003
0.700000000000003;3.58617084;-28.2573630202462;3.00308163062032;7.34;0.0848583600000055;0.0901725860634648;2.93;0.0352999999999999;1.08432166564501;0.879999999999999;9.75;0.00657641442171908;-0.5
0.199999999999989;-2.00863152;2.19916488582761;0.976920085780797;-4.81;-0.0880281200000042;0.239250811845938;-3.03;0.0508;-3.62672289997047;-0.740000000000002;-26.75;0.401895131638764;0.700000000000003
-0.199999999999989;-5.33974755;-20.4540195399207;-0.430852847732879;-5.32;-0.84185806;0.0138298910176289;0.0499999999999989;0.0265;3.46509339702048;0.120000000000001;17.75;-0.0582230441329283;0.199999999999989
0.5;-0.0930225600000014;-5.98910271894447;2.45300918910986;3.69;1.65426809;0.133481726461006;-0.469999999999999;-0.0524;1.6579631557984;-1.35;-16.5;0.108486172316841;-0.199999999999989
1.19999999999999;0.164578380000002;9.42749732473888;0.487705508899026;1.31;0.698921859999999;0.0257847427958017;-0.74;0.0203000000000002;-5.03123972588948;3.74;46.25;-0.0839872417588463;0.5
-1.5;4.49012752;-17.3972209836828;1.80972155409243;6.04;1.5395518;0.14954868080121;1.94;-0.0274000000000001;6.55357844147117;-0.510000000000002;-6.25;0.177060952622814;1.19999999999999
0.700000000000003;3.57779085;3.36125805542204;-1.7874283472284;-1.21;-0.0529385399999995;0.172313232311624;1.29;-0.0089999999999999;2.5881417358943;-0.279999999999998;-13;0.228100953843454;-1.5
0.900000000000006;1.96439444;5.96895729879544;-1.26050949000971;-3.15;1.17965566;0.155288745799739;-2.02;-0.0563;1.20053774446977;0.739999999999998;13.75;0.133513592246048;0.700000000000003
0.200000000000003;-5.51689107;-11.0582304448432;2.24749886747633;6.52;0.498298609999999;0.154975460187022;-1.25;-0.0208000000000002;-7.39091705771742;0.629999999999999;-10.25;0.0834419857350142;0.900000000000006
0.0999999999999943;0.611927090000002;10.386876618881;-0.106825584849318;2.65;1.56264482;0.143828851300755;-0.469999999999999;0.00280000000000014;4.00956482140639;0.420000000000002;6.25;-0.0894700306177914;0.200000000000003
0.900000000000006;-1.90702495;11.2091184684556;2.56421724262384;5.98999999999999;-0.224934569999988;0.10079494046923;1.03;0.0213999999999999;-4.27011173396174;-1.61;-26.25;0.5746609317845;0.0999999999999943
1;0.247054839999997;-10.1724773195912;0.805371281217688;0.600000000000009;1.28270067999999;0.159011040521864;-0.68;-0.0313999999999999;4.3797904558336;1.41;44.75;0.967944181900412;0.900000000000006
-0.600000000000009;0.733447120000001;-5.70800752671386;2.27698592062033;-3.33000000000001;0.203969970000003;0.170172586063465;3.4;-0.00419999999999998;-2.88567833435499;-0.850000000000001;-29.25;0.28657641442172;1
0.700000000000003;3.69962662;-9.0086309276997;3.20008387578078;-3.94;-0.0695189399999947;0.209250811845938;-3.26;-0.0199;1.19827710002951;-1.72;-13;1.26189513163876;-0.600000000000009
-0.0999999999999943;-3.02323327;18.8309807466102;4.02371163226712;1.09;0.963908649999993;0.133829891017629;0.00999999999999979;0.00539999999999985;0.590093397020496;0.5;35.25;1.99177695586707;0.700000000000003
1;-1.65651717;-6.20248248737285;2.46682507910988;6.08;3.06599944;-0.0165182735389939;0.879999999999999;0.0312000000000001;1.60796315579839;1.06;4;3.26848617231684;-0.0999999999999943
-1;1.65651717;-3.315040203161;1.40148947889902;-3.85999999999999;1.25890425;0.175784742795802;-0.609999999999999;-0.0234000000000001;-4.65123972588947;1.12;27;-1.31398724175884;1
0.299999999999997;4.16331719;4.36364392578731;0.294391314092437;1.06;-0.260234310000001;0.0495486808012099;-0.949999999999999;0.0198;-8.87642155852883;-0.82;-22.5;1.80706095262281;-1
1.3;0.620438870000001;-9.8259012269489;10.8312833627716;6.75;0.78783562000001;-0.0276867676883761;0.199999999999999;0.0518000000000001;0.368141735894298;2.32;-1.5;-0.451899046156548;0.299999999999997
0.0999999999999943;-2.57600942;6.11057840813578;3.70810121052743;1.40000000000001;4.16764887999999;0.0452887457997392;4.850001;0.0174999999999998;5.62053774446977;-0.170000000000002;47.25;-1.68648640775395;1.3
1.80000000000001;-2.79067686;5.59127970269505;2.3705218669392;0.109999999999999;0.983565190000007;0.144975460187022;-3.360001;-0.00229999999999997;4.67908294228258;0.970000000000002;-22;-0.166558014264989;0.0999999999999943
0;-0.255901200000004;23.4064930168865;5.45580830515067;3.45999999999999;-1.07543808;0.103828851300755;1.87;-0.00259999999999994;-1.59043517859362;0.5;26;-1.45947003061779;1.80000000000001
0.0999999999999943;1.92749117;-0.423342966179419;1.03326440262384;-1.36999999999999;0.00391381999999396;0.12079494046923;-2.64;0.00439999999999996;6.52988826603827;-1.38;6.5;-2.7753390682155;0
1.90000000000001;0.661891309999994;-6.8069502663256;0.687028281217692;-9.24000000000001;-1.95833763;0.119011040521864;-0.33;-0.0134999999999998;-1.0602095441664;-1.1;39;-0.862055818099588;0.0999999999999943
2.59999999999999;-0.847936429999997;-7.90044180842793;4.54346328062032;-4.91;-0.299905079999988;0.170172586063465;-0.880000000000001;0.00909999999999989;-2.51567833435499;2.86;40;0.606576414421721;1.90000000000001
1.09999999999999;2.60105395;-16.1782210948995;-0.106604394219204;0.189999999999998;-0.00713951000000179;0.129250811845938;-0.19;0.0478000000000001;-5.47672289997048;2.57;19;0.981895131638762;2.59999999999999
-0.5;3.67502855;4.94033921857032;-0.287514607732888;2.88;2.16918376999999;0.293829891017629;0.65;-0.00419999999999998;3.33509339702049;0.0700000000000003;-1;-0.878223044132927;1.09999999999999
1.5;2.02164566;13.7173393219992;-6.22959726089012;-7.45;1.80334523000001;0.393481726461006;-1.14;-0.0165000000000002;0.30796315579839;0.120000000000001;-33.5;-1.22151382768316;-0.5
1.2;5.34505195;-5.59817451660054;0.812590038899017;4.77;1.32975871000001;0.155784742795802;5;0.0201;2.97876027411053;0.889999999999997;7;0.676012758241155;1.5
2.8;4.92478129999999;-13.7557674466204;5.41862609409243;1.16;0.265805529999994;0.0695486808012099;-0.779999999999999;0.0123000000000002;4.92357844147116;2.03;-36.5;-0.782939047377186;1.2
2.60000000000001;-1.2999933;-0.856590008634257;9.17232062277161;3.54;1.24947641999999;0.172313232311624;-0.42;0.0288999999999999;0.348141735894302;0.689999999999998;47.5;-0.321899046156547;2.8
4.89999999999999;2.46752564000001;14.145019712956;3.14716924999028;-0.519999999999996;-0.0548667099999989;0.0952887457997391;-1.17;-0.0194000000000001;-1.00946225553022;2.3;31.5;0.0835135922460477;2.60000000000001
4.2;0.778686879999995;4.07845319806921;-5.07929924252366;4.02999999999999;-0.334936970000001;0.0349754601870216;3.18;0.00890000000000013;-5.82091705771742;0.989999999999995;65;-0.766558014264985;4.89999999999999
3.60000000000001;-3.20212281000001;4.01451118964845;0.779611715150679;6.63000000000001;0.858745470000002;0.0438288513007554;7.29;0.0130999999999999;8.61956482140637;1.19;48;0.680529969382208;4.2
6.09999999999999;0.00665281999999934;-25.5744323072461;-5.37545881737616;-1.76000000000001;-0.230076389999994;0.0307949404692303;-0.140000999999998;-0.00429999999999997;-0.750111733961731;-1.24;137;-0.5153390682155;3.60000000000001
2.59999999999999;9.70566810000001;17.4878006439277;3.59757702121769;7.56;0.765250639999991;0.0590110405218641;-5.379999;0.0642;1.3597904558336;3.3;20.5;0.167944181900413;6.09999999999999
2.90000000000001;5.77740424;6.35257724074941;6.87307758062032;5.88;0.596573030000002;0.0501725860634649;0.530000999999999;0.0208999999999999;-4.41567833435499;2.93000000000001;20.5;0.326576414421719;2.59999999999999
3.90000000000001;7.26538327999999;-17.9131393184754;-1.75285239421922;8.97;1.22019425000001;0.00925081184593757;4.34;0.0151000000000001;-1.72672289997048;3.34999999999999;59;-0.0681048683612371;2.90000000000001
5.59999999999999;6.38077150000001;4.43228913506722;-7.82061570773287;-3.08;-0.807069159999998;-0.0261701089823712;-0.370000999999998;-0.00419999999999998;1.01509339702049;3.42;18;0.811776955867073;3.90000000000001
8;3.3595339;-0.239120469452956;2.94912120910988;1.28;2.97957842999999;-0.246518273538994;3.700001;0.0275999999999998;-4.8420368442016;4.71;44.5;1.46848617231684;5.59999999999999
4.09999999999999;4.4187111;-1.37959289261707;7.06153457889903;2.42;3.18703966000001;-0.154215257204198;0.34;0.0315000000000001;0.818760274110517;-1.17;-46.1629535278953;1.87601275824115;8
-1.69999999999999;14.434907;-11.5066375648319;8.11825168409243;10.06;3.87358505;-0.165514341139354;-0.93;0.0592999999999999;-3.77642155852882;-1.17;-87.1011139416314;-1.93293904737719;4.09999999999999
-0.400000000000006;7.93644394085661;0.466400143617619;-1.42243397722839;7.13;0.738698769999999;-0.0576867676883762;-4.82;-0.0156999999999998;4.8981417358943;-0.0993497485694368;-101.920779759142;-0.721899046156546;-1.69999999999999
2.5;12.8239151985996;-3.06163786746764;-2.99485065000972;12.82;0.67323644999999;0.00528874579973915;-2.960001;-0.00630000000000019;10.0005377444698;-1.00454482399861;2.13045416860064;-0.646486407753953;-0.400000000000006
-2.40000000000001;-0.0822125671396918;5.29063415177264;-2.05772994252365;8.47999999999999;1.17241324;0.0149754601870216;6.120001;0.0202;3.89908294228258;1.63781862320098;101.51631791802;1.52344198573501;2.5
-1.48398273678745;-4.43891196352678;8.90451813124085;0.674042315150672;-0.509999999999991;0.283267660000007;0.0738288513007553;-1.01;-0.0154999999999998;-2.96043517859361;0.176633942168543;-46.0885774573857;1.31052996938221;-2.40000000000001
-3.03878791575121;-9.72898255411455;-4.6661071791314;-8.81249891737616;1.68281705328871;-4.07587697;0.0407949404692302;-2.290001;-0.0927;3.40988826603827;0.98564375951798;5.06299577982998;-0.8353390682155;-1.48108252022983
-2.40254315726545;-11.808136305546;3.18020630060802;-10.9772463587823;0.307971937302092;-0.020705190000001;0.0290110405218642;4.35081145834467;-0.0569999999999999;-4.3702095441664;-5.26204936833742;-92.555902954119;-0.312055818099587;-3.03675776416088
0.858219789914193;-3.99742866388215;-25.8130493195744;-5.98101931375975;2.09494473605851;-0.448792603141009;0.160172586063465;-7.2190709655133;-0.00807116149986564;-7.41567833435499;2.75656544216523;-139.064132067883;-0.43342358557828;-2.4038618009127
2.77075385293993;-3.98655036280659;11.2821121202979;0.31881177871473;-12.994693750722;-1.665289;0.149250811845938;3.70572128965399;-0.0422086515500404;-7.14672289997048;0.709595809514668;9.5301075524817;0.0418951316387641;0.85729673936112
4.78952769705796;-4.13013163164143;11.2582092302085;0.295938617320886;-11.7762856255054;-3.39913683;0.0438298910176289;-9.4589940972422;0.101103943914972;-4.29490660297951;1.96071706666027;70.5460752867372;-0.348223044132927;2.77010771755278
0.872669387940562;-2.89935672180981;-13.338165279854;6.3196772566475;3.67960006214624;0.971891670000005;0.083481726461006;8.91470343193046;0;-1.96203684420161;0.485501946662193;-41.142747299284;0.788486172316839;4.78907540228695
1.95086857155839;-1.78702936526688;1.71397018010219;2.85988165617536;-0.457279956497642;-0.44861908;0.0257847427958017;4.36229040235131;-0.0245770674816639;-0.721239725889475;-1.38814863733647;-56.3749231094988;0.766012758241155;0.872352781600859
4.70560800009088;0.702168584313147;-6.29632948992847;3.54721688918588;10.3639040304516;-1.24531788;-0.0204513191987902;-0.213394318354077;0.0489060527628353;3.16357844147117;3.10329595386446;23.0375538233508;-0.152939047377187;1.9506469471206
7.15392560006361;-4.40912649148122;12.7321624700501;6.54896155933701;2.76973282131617;1.50774446999999;0.0723132323116238;-6.24237572284785;-0.00900576306601519;4.29814173589429;2.92430716770514;-7.94871232365438;1.69810095384345;4.70545286298442
0.73774792004453;-11.5237726236866;7.94551087003506;5.40646463158607;10.1218129749213;3.35800556000001;0.0852887457997391;-6.6016637059935;0.0882459658537893;-1.09946225553023;2.92701501739359;-6.17198383264031;1.51351359224605;7.15381700408909
-2.08357645596882;-13.2242820865806;-6.07335662997548;8.51627573859339;11.1292690824449;-2.40825654;0.154975460187022;-1.88516459419545;-0.0149878239023475;1.02908294228259;-3.8310894878245;-6.17198383250843;0.733441985735013;0.737671902862367
3.16149648082182;-7.18171975155007;-1.92539214998281;4.6138718999326;-5.12651164228855;-1.8533877;0.143828851300755;0.0493847840631858;0.0191685232683567;1.40956482140639;0.141237358522861;17.1890916729866;1.22052996938221;-2.08362966799634
-0.246952463424726;-4.40224801142448;-9.48503875998798;-0.358083745325176;7.154441850398;2.18396353999999;0.19079494046923;0.425569348844231;0.00653796628784975;-2.00011173396175;0.257866150966009;-57.1176358289094;0.334660931784288;3.16145923240256
1.97713327560269;-9.38321140699712;14.6540451000084;-2.40573515523917;-1.46189070472139;1.6306515;0.199011040521864;-0.165100455809039;0.0294065764014948;1.43979045583359;-0.795493694323807;-13.4073450802366;-0.182055818099592;-0.246978537318208
4.12399329292188;1.40972640210197;6.4389648500059;3.48814896510054;6.43467650669503;2.32986232;0.130172586063465;5.24442898093367;0.00743460348104641;-6.21567833435498;2.44815441397334;36.8148584438344;-2.05342358557828;1.97711502387725
1.98679530504532;0.0827475234714057;-14.8819427499959;4.88089075391692;2.35727355468651;2.60842719;0.189250811845938;-6.06490071334643;0.0285642224367324;0.773277100029517;3.83670808978134;92.2954009106841;0.0718951316387653;4.12398051671408
0.86075671353172;2.75505086042998;18.2384567200029;4.73695958796243;-3.45890851171943;0.664941529999993;0.153829891017629;-2.7494297993425;-0.0694750442942873;1.41509339702048;0.208695662846935;-45.3382193625212;-0.167113073831135;1.98678636169986
-2.45747030052779;2.067344306301;-6.27155302999797;5.08415804309658;3.90276404179639;1.50562086000001;0.213481726461006;2.99640014046025;-0.045762531006001;0.30796315579839;-4.11691303600714;-67.9777535537648;-0.260346870110116;0.860750453189895
-2.67022921036946;3.69565548841066;-6.66458129999859;-6.45967009331028;-1.91006517074252;-0.49844877000001;0.265784742795802;-5.08052160167782;-0.0238837717042006;3.24876027411052;3.10916087479501;46.0155725123646;-0.222820284185806;-2.45747468276707
0.520839552741381;-1.7192396471125;-12.750278479999;7.87941328154592;4.83095438048024;1.68288792;0.28954868080121;-1.88236442117448;-0.0115286401929406;8.02357844147117;-1.1635873876435;-68.7390992413447;0.647060952623272;-2.67023227793695
-0.485412313081033;-2.56400584897875;13.7747383200007;-0.335265031201995;3.10466806633617;5.17937696000001;0.302313232311624;4.47934390517786;-0.0214900481350584;4.0381417358943;0.154488828649541;54.7576305310586;-0.729122262100601;0.520837405444135
-0.489788619156723;-4.29577043228511;13.1877441400005;-2.48518176226647;-10.5397323535647;-0.183082030000008;0.265288745799739;10.0335424336245;0.00455582453339431;-4.26946225553023;-1.03685781994531;-46.7446586282589;-0.531542658914793;-0.485413816189105
4.2071479665903;-2.79059633859961;10.1989669800003;-5.6342304914371;1.60718735250473;0.529716390000004;0.224975460187022;2.47948000353715;-0.0381897810545591;0.549082942282581;-1.46780047396172;20.8737389602188;3.58490260992243;-0.489789671332374
7.70500357661321;6.88269602398029;-29.6928100599998;-0.138262107088758;0.985031146753294;-0.623558380000006;0.213828851300755;-11.033365697524;0.0593671532618085;0.639564821406381;3.54153966822679;-9.96465132629965e-11;1.12955240631339;4.20714723006734
6.40350250362924;5.96431660078617;8.21509552000016;8.59083095505625;0.283521802727314;2.68629914;0.16079494046923;2.55464371173321;-0.0513829927167342;4.62988826603826;-0.0889222322412466;28.0018320905072;0.632976637636336;7.70500306104714
6.00245175254047;9.15333826555036;-11.0265312199999;3.95893874192037;-1.35753473809088;2.88341613999999;0.0990110405218642;-2.34674670178676;0.0839019050982863;-2.0402095441664;-0.643780823834803;-13.248717536645;0.0879441819002196;6.40350214273299
4.00171622677833;4.92844960588523;-5.55438232999992;8.27676140011221;6.65172568333639;-0.959830964780118;0.120172586063465;-2.49772409125073;0.0242113335688003;-0.115678334354996;0.43135342331564;51.2508977243485;3.78455111028912;6.0024514999131
5.20120135874485;5.80905860411966;24.5032081600001;1.6820406894251;2.36120797833547;2.12625101465391;0.239250811845938;2.34159313612449;0.00429290297210172;3.45327710002952;-1.50205260367906;-37.749371592956;-1.36752258125406;4.00171604993917
4.40084095112136;2.67413454288378;-2.63609313999997;4.10884644081816;4.90084558483483;0.546684010257727;-0.0361701089823711;-5.78888580471286;0.00427006260652973;3.43509339702049;5.24756317742467;103.000439884931;0;5.20120123495744
3.90058866578497;-0.163131979981376;-12.42488098;4.99458477309557;0.0205919093843755;4.75031864718042;-0.0565182735389939;1.780781636701;0.00575904382457093;1.55796315579839;-1.40670577580274;46.0003079194515;1.79837149299936;4.40084086447017
2.65598164998864;-5.19701881598694;3.64295197000004;3.96069581368903;-0.589585663430938;0.838964754033942;-0.0742152572041983;-1.1794545543093;-0.00585866932280044;0.0487602741105206;-1.91569404306193;-22.2497844563838;-1.48006751728108;3.90058860512914
2.10028844623463;-3.74662291119088;30.19892882;-4.92366329155457;14.2802900355983;-1.05939113318387;0.00954868080120985;-0.609617488016511;0.0240789314740397;13.0735784414712;0.996014169856662;-57.2498491194688;0.647060952623075;2.6534254469145
-1.19979808763577;-1.2089163278336;-24.98033141;2.2978670498187;6.67020302491884;3.38144820677126;0.0723132323116238;-2.98973224161156;0.0548452520318277;-3.8318582641057;-1.22279008110034;45.0001056163719;-3.40507838116244;2.10028841651327
-0.199858661345018;-2.16596337948354;14.58517456;-4.64785584107676;-8.62985788255681;0.576514943859328;0.0452887457997392;0.700187430871908;-0.0464883235777205;-8.17946225553023;-0.134953056770229;-16.9999260685397;-0.211711942258077;-1.19979810844072
-1.79990106294153;4.62960610820632;-13.35809326;-0.239690786270571;-4.63990051778977;-1.21616387068208;0.124975460187022;1.07013120161034;0.00680817349559537;8.82908294228258;-3.83146713973917;-7.64602817901209;-0.496558014264991;-0.199858675908483
-0.199930744059053;7.43022373005306;-8.9295044;3.75372305452782;1.04006963754715;-2.89640128947746;0.133828851300755;8.73009184112723;-0.0138342785530829;-0.89043517859362;0.380973002182581;20.7688602057258;0.872869457475186;-1.79990107313596
-2.59995152084134;2.40437319103717;3.07586670000001;-6.02329219981214;-10.969951253717;0.317853047365792;0.12079494046923;6.37006528878906;-0.0038539949871581;0.409888266038266;2.95168110152782;75.6382021440081;0.206298573449587;-0.199930751195151
-4.69996606458894;4.75841090372598;1.01441956000001;-4.78444678648751;-0.809965877601892;-1.08193838684396;0.0690110405218641;-2.71211528889672;-0.100737796491011;7.6597904558336;1.24344978758018e-14;0;-3.25090946893403;-2.59995152583661
0.400023754787732;0.207679772608228;-6.29396820000001;-10.0536510947733;0.800023885678674;-4.31063207079075;0.100172586063465;1.05218979255571;0.0461935424562923;-4.615678334355;1.25202373974863;4.82021905056399;-0.662621141162386;-4.69996606808563
-3.99998337164858;-2.02948963917427;4.67012787;-2.02445845199476;10.8400167199751;-1.16889625798261;-0.0207491881540625;-2.15997794894535;-0.042204520280595;1.02327710002952;-1.90058338217596;-27.2708466646052;-1.91754315727011;0.400023752340051
0.300011639846004;-9.67924225742198;4.8664093;-1.75324978717575;1.40001170398256;-2.03652402768748;0.0538298910176289;-4.39998356426175;-0.0500931641964169;-0.0849066029795011;2.82159163247682;29.2194073347763;-0.647829846369145;-3.99998337336196
3.0000081478922;-10.5529924201954;-7.47873688;4.13660708049986;1.71000819278778;1.52134430061878;-0.0765182735389939;-3.95998819498322;0.0129547850625085;2.45796315579838;-1.07988585726622;7.17858513434345;-0.281238589248506;0.30001163864664
0.400005703524528;0.768888445863227;8.28217316;2.44951054587201;1.93000573495146;2.14624507043313;-0.0742152572041983;-1.00999343648826;0.0243583495437558;1.54876027411053;3.13607989991365;-3.17499040595959;1.88620542514541;3.00000814705264
-1.39999600753282;-2.42092498789573;-1.55380249;-0.936964599026485;3.96000401446601;-1.36813843069681;-0.0804513191987901;-2.92999470554178;0.00173084468062901;-5.42642155852883;0.82025592993955;-12.0974932841717;-0.542804180544209;0.40000570293684
-5.39999720527298;1.77060243017981;3.81467438;-3.20667631541162;-2.83999718987379;-0.196682291487761;-0.143691637277557;1.65000370612075;-0.0104184087235597;-1.03185826410571;-0.476820849042313;-8.41824529892017;-2.38180463937346;-1.3999960079442
-3.09999804369108;6.7666199659311;-8.57842255;-3.18087355673799;-8.65999803291165;-1.65000174404142;-0.0907161237894418;6.91000159428453;-0.0884828861064917;3.47053774446977;-5.60477459432961;-8.51777170924413;-1.35642032300579;-5.39999720556095
-0.796676745823858;3.54937910097258;-8.35767746;-3.72149598123343;-12.3599986230382;-0.775650609662662;-0.121029409402159;-6.97999718400083;0.0301419797254558;-0.720917057717415;2.95665778396926;112.187559803529;0.733488245058727;-3.09999804389266
1.30000095859138;0.37208143400642;5.58905411;-0.70199106994618;5.6000009638733;-1.26391597858029;-0.142176018288426;1.85000127119942;-0.035540614192181;1.56956482140637;0.397660448778492;133.00629186247;1.3105623509088;-0.795909999259861
1.80000067101396;1.44372089815096;1.17211913999999;-3.34026170594395;6.23000067471129;-1.79955912200623;-0.155209929119951;-1.46000011016041;0.0271715700654733;-0.770111733961727;4.08836231414493;-4.52059569627068;-2.05531640114688;1.30000095849261
-1.19999953029023;4.34987487103361;-7.19406127999999;6.84180669322023;0.380000472297922;2.39520998259566;-0.106993829067317;-1.73999837711228;0.0282800990458314;2.5097904558336;-4.08114638009854;6.63558301261037;-0.00203995115155564;1.80000067094481
-0.399999671203166;-2.82969377027649;7.98300171;1.0501456120221;-5.01999966939147;0.502173284816967;-0.135832283525716;2.8700004360214;0.0099860693320819;2.40432166564501;-2.05080246606898;-29.0050918911726;-1.11341247871466;-1.19999953033863
-0.699999769842201;5.43355663080647;-2.14485169000001;-1.06099103323796;-2.95999976857402;-1.42518075562814;-0.136754057743243;-2.72999969478502;0.00259024853245737;-0.806722899970481;-0.720561726248284;-3.55856432382086;0.141902906443301;-0.399999671237045
0.500000161110451;-0.40653671843548;-1.65787505999999;4.01858194595401;1.33000016199818;1.88892326306031;-0.352174978571552;2.15000021365048;0.02099317397272;1.79509339702049;-0.050393208373797;-85.1249950266747;-0.03821760176975;-0.699999769865916
-0.0999998872226926;-3.82016423290484;5.24440002999999;1.57252795969068;6.90000011339873;0.360720457142207;-0.222523143128175;-3.73999985044466;0.038395221780904;-1.77203684420161;3.37972475413834;3.0425034813278;-0.831510018028942;0.500000161093851
-0.39999992105587;5.27362910696661;1.53921508000001;0.00186974730558611;0.550000079379107;-2.25064439200045;-0.190220126793379;1.23000010468874;-0.052203344753367;-0.871239725889481;-4.14019267210316;-65.3112475630705;-0.483984575000887;-0.0999998872343131
5.52608848182391e-08;-6.21054164512333;-16.7042694;-7.26858321802298;-2.36999994443463;-2.02098158540031;-0.246456188787971;-2.80999992671788;-0.0238023413273571;2.67357844147118;0.919865129527788;-31.9228732941493;-0.0429371806466179;-0.399999921064005
-0.799999961317392;-12.0609581915864;20.98815155;-4.43135602470916;-0.919999961104238;-0.743765449780212;-0.293691637277557;0.820000051297482;0.0347983610708502;0.168141735894295;-1.30009440933055;45.7199886940954;0.218102260554854;5.52551907638967e-08
-1.19999997292216;-8.60218142152324;-3.34359741999999;-1.27337461224628;2.49000002722704;0.552349181153854;-0.150716123789442;2.77999903590824;-0.0171011472504048;-1.97946225553024;-0.830066086531383;-23.6410079141332;-0.716485493055977;-0.799999961321378
-2.99999998104552;-9.05190361987731;-2.16217804;-1.62780383208924;1.26000001905892;0.145602062807683;-0.151029409402159;0.56000202513577;0.00129919692471625;-3.32091705771741;-2.30004626057198;-49.7647055398933;-0.476557373976396;-1.19999997292495
-1.69999998673186;-4.00043178391411;-12.22518539;0.000584083454759749;8.90000001334125;-2.22245995003461;-0.182176018288426;-3.41000098240497;0.0291994378473017;2.53956482140639;-3.50003238240038;6.73970612207478;-0.0294695824157856;-2.99999998104747
0.2000000092877;-3.02489240873989;12.79178238;4.16289101243672;1.90000000933886;1.24300480097575;-0.175209929119951;3.56000001231653;-0.00800039350688886;1.27988826603826;1.87997733231974;-8.75720571454769;-0.255338754474094;-1.69999998673323
2.40000000650138;-5.03005982611792;14.02831268;-0.580474204913309;-0.279999993462776;1.01456713568304;-0.166993829067317;-0.409999991378434;0.0303997245451777;3.65979045583359;-2.89001586737619;24.2449559998166;1.3479444015194;0.200000009286743
-0.0999999954490228;-3.78658019828254;-21.07699585;1.55792348032863;-5.74999999542395;0.217065297978127;-0.175832283525716;-2.8499999939649;0.00579980718162454;4.38432166564502;0.589988892836674;-11.7535308001284;-0.0434234318449906;2.40000000650071
-0.49999999681432;1.46369358920222;4.03228759999999;-0.72721899742341;-6.67999999679677;-0.149062801415308;-0.0267540577432434;-0.0499999957754316;0.000699865027137037;-1.80672289997048;-1.13000777501434;0.867528439910188;-0.788104760747938;-0.0999999954494918
-1.99999999777002;1.52000946444155;1.45298767;-0.0966019029758065;3.77000000224226;0.34606499400928;-0.152174978571552;0.0200000029571985;0.0155999055189961;-0.354906602979526;-1.37000544251002;-63.1217300920629;-0.938222968803615;-0.499999996814648
2.30000000156098;4.42908565510908;1.79310608;-1.92791979756018;-3.00999999843041;-0.421555275193508;-0.152523143128175;4.69000000207004;-0.026000066136703;7.6879631557984;-1.24000380975703;-50.1312110644441;-0.871513774952641;-1.99999999777025
3.60000000109268;-0.0463416914236373;-8.19952010999999;-2.96539890877001;6.2000000010987;0.0930106113645482;-0.360220126793379;-4.40999999855097;0.0316999537043081;9.01876027411052;3.61999733317009;45.3791522548892;1.86601279515252;2.30000000156082
-0.599999999235112;-3.00418346399655;28.43438339;-3.65919536427589;-0.0199999992308997;1.29140433895519;-0.156456188787971;-0.11999999898568;-0.00320003240698452;-4.32642155852884;-1.37000186678095;96.7494065784225;1.11706097846077;3.60000000109257
-0.199999999464586;-7.68556641479758;-16.28197479;1.88161224391378;1.27000000053836;-0.79569155373137;-0.0736916372775571;-0.469999999289978;0.0095999773151112;0.638141735894322;1.57999869325334;24.3695846048956;-0.0918990280699798;-0.599999999235191
-1.99999999962521;1.1260000236417;-2.80997467;0.513230450789795;0.110000000376871;-0.53257632661196;-0.0307161237894418;-2.00999999950298;-0.0236000158794225;-2.89946225553024;-3.40000091472265;-93.370290776573;0.453513604906647;-0.199999999464641
-2.89999999973764;3.4699524375492;9.20870972;0.787837808036015;3.6100000002638;-0.35569064362837;-0.0710294094021594;0.170000000347912;0.00609998888440444;15.0290829422826;0.359999359694137;-51.3802035436011;-0.676558005402567;-1.99999999962525
-3.39999999981636;0.986751849284414;22.23649598;3.56630324554243;-2.19999999981534;-0.58276602353986;-0.132176018288426;5.38000100024354;-0.030300007780917;4.1695648214064;-2.82000044821411;-46.3701424805208;-0.3394700244141;-2.89999999973766
-3.69999999987145;0.952310066499104;-8.50519563;0.0462751828980801;-7.04999999987074;-3.30988347747791;-0.0352099291199508;-4.86000099982952;-0.0256000054466419;-2.00011173396175;-4.08000031374987;32.9999002636354;-0.475339063872914;-3.39999999981638
0.100000000089996;1.35247184654937;8.06735233000001;-2.05986834859035;-3.32999999990953;-2.71916473423453;-0.0569938290673168;4.21999900011934;-0.0501000038126493;3.05979045583359;0.509999780375094;-84.7500698154552;-0.902055815059779;-3.69999999987146
-1.19999999993701;0.740859162584577;-35.31719211;-1.81739061924529;-8.80999999993665;-1.22591950396418;-0.0858322835257161;-2.27999899991647;-0.0107000026688546;6.78432166564502;2.58999984626257;52.6199511291813;-0.203423583450414;0.100000000089987
-3.09999999995591;-0.177069346190834;-0.99228669;0.765794405874844;-8.60999999995566;-1.93435194077492;-0.196754057743243;-0.699999999941527;-0.00740000186819789;-1.39672289997048;-2.83000010761622;47.129965790427;-0.218104866871728;-1.19999999993702
-4.39999999996913;-1.56838449233357;1.66472626000001;-5.01896275766702;-16.499999999969;-0.725535924542431;-0.012174978571552;5.87000100004093;-0.0353000013077389;-4.56490660297953;-0.0600000753313325;11.4999760532989;-1.29822304309027;-3.09999999995592
-2.1999999999784;-0.418663454633483;24.95532227;-6.26273142084404;-12.0699999999783;-0.916570302179714;-0.0125231431281749;1.76999800002865;-0.081100000915417;-10.3420368442016;-1.89000005273194;-86.6300167626908;0.0484861730466974;-4.39999999996913
-2.89999999998488;0.336994721756543;3.70211791999999;-2.53582556106871;3.36000000001521;1.56446058147421;0.00977987320662066;-7.62999899997994;-0.00930000064079195;1.89876027411054;2.64999996308763;8.74998826611647;-1.30398724124794;-2.1999999999784
-0.899999999989404;-0.814651004770409;-3.08956909;-1.06839049588498;-2.75999999998935;-1.38039349696807;0.00354381121202896;1.95000000001404;-0.0463000004485545;5.09357844147115;-2.41000002583865;0.879991786281494;-1.06293904701956;-2.89999999998488
0.300000000007408;-5.72592505333929;-4.9564209;-0.257921497212586;6.63000000000745;0.0393022301223652;-0.0636916372775571;-0.73999999999017;0.0491999996860122;-1.15185826410567;1.01999998191294;-37.5000057496029;1.43810095409379;-0.899999999989406
-0.499999999994812;0.248977557662497;-22.20860291;3.64462954000134;4.82000000000522;2.32652760108564;0.0592838762105582;-0.709999999993121;-0.0235000002197918;-2.05946225553026;1.60999998733906;2.4999959752779;-0.916486407578713;0.300000000007407
-0.699999999996372;4.78137212436374;10.14189148;-3.0475579025159;0.550000000003648;-0.364478815240038;0.0689705905978406;4.39000000000481;0.0147999998461459;-4.64091705771742;0.409999991137353;10.1249976052914;-0.306558014142318;-0.499999999994813
-4.19999999999746;-0.379394511945382;16.72834778;-4.82220403484391;-8.91999999999745;-1.28215681966803;0.00782398171157439;-6.10999999999663;-0.0148000001076978;-2.91043517859362;-3.53000000620386;10.1249976052894;-0.649470030531923;-0.699999999996372
-0.599999999998215;-1.37397251836175;-11.63515472;-2.90024565737236;-8.02999999999821;-0.981822912767619;0.0547900708800493;16.3100000000024;0.0223999999246114;-0.170111733961733;-1.96000000434271;-12.7500013804796;-0.295339068155395;-4.19999999999746
1.40000000000125;1.17134240314676;12.76866149;1.65297943122034;2.61000000000125;-1.47930425493733;0.0930061709326832;-3.92999999999835;-0.00350000005277207;-4.61520954416639;-0.590000003039888;26.8699990336642;1.19794418194249;-0.599999999998215
-2.69999999999913;-4.13774034379726;-5.02173614;-0.548135719377805;0.740000000000872;-0.205873926456147;0.194167716474284;-9.42999999999884;-0.0171000000369403;-5.39067833435499;1.08999999787207;9.87999932356496;1.19657641445117;1.40000000000125
-0.599999999999398;1.08872087334191;28.63986966;-3.85848506421791;-3.77999999999939;-1.23597688751928;0.163245942256756;1.05999900000081;-0.0442000000258582;-9.97672289997047;0.919999998510455;-46.5000004735045;0.451895131659381;-2.69999999999913
-2.19999999999956;-0.30949914766065;11.700119;-2.50841475773196;-5.24999999999957;-0.255378988263514;0.327825021428448;2.08000000000057;0.0296999999818992;4.36509339702047;1.28999999895732;-6.25000033145318;0.201776955881504;-0.599999999999398
1.10000000000029;-5.93067307136246;-33.70847316;-2.3905415808895;-5.50999999999969;-1.77220685878446;0.277476856871825;1.9900020000004;-0.00260000001267069;0.00796315579839302;0.369999999270112;9.99999976798279;-1.91151382767306;-2.19999999999956
1.40000000000022;-10.0168195609537;-13.18694305;1.41491514889947;-1.35999999999979;-0.171110289149112;0.409779873206621;0.349998000000276;0.00369999999113069;2.94876027411053;-0.220000000510913;-26.5000001624121;1.24601275824823;1.10000000000029
1.80000000000014;1.69695500333239;9.13755798;3.03559398409275;7.23000000000014;0.628229450595626;0.393543811212029;-6.59999899999981;0.0506999999937914;-4.79642155852883;3.41999999964236;21.6199998863116;1.73706095262776;1.40000000000022
1.40000000000009;-0.634343608667332;-8.08061217999999;0.189806672771822;3.20000000000011;2.71417876041693;0.246308362722443;1.75000000000014;0.00759999999565397;-9.1618582641057;-1.27000000025034;14.7499999204181;1.18810095384692;1.80000000000014
3.20000000000007;-0.276131556067116;-8.01783753000001;-0.875107030009555;5.96000000000008;0.451786170291852;0.109283876210558;-1.5099999999999;-0.032500000003042;3.12053774446977;-1.21000000017525;-25.5000000557073;1.32351359224847;1.40000000000009
-0.799999999999947;-8.545925863247;-3.13296507999999;1.55315070747644;2.05000000000005;-0.434324749795712;0.0889705905978406;1.44000000000007;-0.00250000000212958;-1.27091705771741;-0.390000000122664;-15.7500000389952;2.17344198573671;3.20000000000007
2.30000000000003;4.11359182572711;16.20974731;2.97935848515075;-4.10999999999996;-1.07115794985699;0.0778239817115745;-3.75999999999995;0.00659999999850935;-7.68043517859361;-1.07000000008587;-40.7500000272966;-1.4694700306166;-0.799999999999947
0.800000000000022;-3.95987335599103;-10.78128052;0.481897392623895;0.0700000000000179;-0.0121443198998996;0.124790070880049;1.55000000000003;-0.00140000000104368;-1.10011173396174;2.27999999993989;-19.7500000191076;1.45466093178533;2.30000000000003
-0.199999999999971;0.356502099806281;14.38476563;-0.0479741987822765;0.460000000000025;0.0748586500700778;0.0930061709326832;-0.129999999999978;0.00819999999926968;-14.5402095441664;0.799999999957921;14.2499999866247;2.527944181901;0.800000000000022
-0.0999999999999965;-0.0848681151356082;-16.34481049;1.94199996062035;4.60000000000001;-1.88500472995095;-0.0458322835257161;3.76999900000002;-0.0259000000005112;1.934321665645;1.85999999997055;13.4999999906372;-1.98342358557787;-0.199999999999971
-0.699999999999994;1.54404914340507;-5.82739257999999;7.91946489578079;-4.12;0.983562620034334;-0.0567540577432434;-3.72999899999999;-0.039400000000358;6.87327710002953;1.71999999997938;-12.2500000065539;-1.67810486836095;-0.0999999999999965
2.60000000000001;0.518713041383573;14.55490113;1.01881242226714;6.31000000000001;1.70622813002403;0.00782502142844788;0.710000000000008;-0.00720000000025056;6.86509339702049;-2.33000000001443;4.74999999541225;-0.278223044132728;-0.699999999999994
0.399999999999996;1.76415452596847;0.344635010000005;-0.280473280890112;0.530000000000005;2.01207704001682;0.127476856871825;-2.04999999999999;0.0281999999998246;-2.89203684420161;-0.520000000010098;13.2499999967886;1.13848617231698;2.60000000000001
-1.89999999999999;-0.03972319482204;11.990448;2.34285673889902;0.970000000000002;1.74729847001178;0.169779873206621;0.930000000000003;-0.0220000000001226;9.74876027411052;-0.21000000000708;22.749999997752;-1.26398724175875;0.399999999999996
-1.10000000000001;-0.305714022375437;-18.61821747;-1.07293259590756;-4.14;-2.40726263999175;0.163543811212029;-0.549999999999999;0.00739999999991392;-4.87642155852882;-2.02000000000495;-18.0000000015736;-1.70293904737712;-1.89999999999999
2.30000000000001;-2.70648148766283;12.97731018;-3.91864312722839;1.73000000000001;-0.267745429994238;0.0463083627224429;-1.55;0.0245999999999398;-1.81230189175274;-0.360000000003465;6.86999999889849;-0.431899046156499;-1.10000000000001
0.599999999999995;-5.23578973136395;-14.20096588;-0.658284760009733;-2.58;-0.341151009995953;0.0392838762105582;-0.41;0.034599999999958;-2.30032916723611;-0.210000000002419;-3.12000000077106;-1.01648640775392;2.30000000000001
2.2;1.75311752604521;26.4188919;0.74509827747636;-3.3;-3.16027435999717;-0.00102940940215945;0.770000000000001;0.0181999999999707;-1.17952389591154;1.55999999999829;96.2499999994602;-1.81655801426496;0.599999999999995
-0.900000000000005;-1.34310989576834;-18.4381485;3.42294230515067;1.45;0.441218600001976;0.0578239817115744;-0.92;0.0416999999999792;-4.8424599653295;1.75999999999882;-51.5000000003778;1.21052996938222;2.2
0.600000000000009;1.83288231296216;20.9833145;6.36214726262384;1.41;-0.0663541899986121;0.0647900708800493;0.33;0.00679999999998571;-5.32752908467687;0.139999999999169;-38.7500000002645;-0.285339068215487;-0.900000000000005
-1;3.32752875207351;-12.84983061;2.02683765121769;1.78;0.970644820000953;0.0130061709326832;-1.08;-0.00960000000001027;4.55859831033301;-2.07000000000058;12.7499999998149;-0.792055818099579;0.600000000000009
1.67035982218598e-16;4.01092621145147;-18.92601776;1.34940016062032;1.75999999999999;-1.70358310999931;-0.0258322835257161;0.67;-0.016800000000007;10.1694871637946;2.11999999999958;-29.7500000001296;0.626576414421725;-1
-2.5;4.58814054101602;-14.338974;0.591656195780786;5.06;0.105124460000468;-0.0367540577432434;1.1;0.0257999999999949;-0.652107051265773;-1.05000000000028;15.8799999999093;0.371895131638766;1.67018770913295e-16
0.399999999999992;2.42103199559845;3.08146668000001;-0.331705277732851;1.24000000000001;1.65835568000034;0.0478250214284479;-0.24;0.00939999999999652;2.22232449111378;-0.630000000000195;-6.88000000006349;-0.268223044132924;-2.5
1.10000000000001;1.35394245049786;4.50212096999999;3.16572639910986;5.81999999999999;2.35801733000024;-0.102523143128175;2.5;0.0423999999999978;1.7130249216637;0.0499999999998573;23.9999999999555;-1.72151382768316;0.399999999999992
1.09999999999999;2.24273084034849;-11.13171768;-1.01571959110098;-1.47;0.403245110000167;-0.0902201267933793;6.31;-0.0227000000000017;2.64730351021625;-1.0500000000001;40.9999999999689;-0.023987241758844;1.10000000000001
-0.400000000000006;0.579129410243954;17.92491531;-4.61110187590756;0.5;1.1940756000001;-0.0264561887879711;0.119999;0.0127999999999986;-11.8024412932548;-0.17000000000007;-40.7500000000218;-0.272939047377184;1.09999999999999
0.100000000000009;0.31663345017076;0.265182490000001;1.3570912627716;3.52;0.27551973000007;-0.0336916372775572;-4.039999;-0.0244000000000006;10.7899279215861;-1.50000000000005;59.4999999999848;-0.391899046156547;-0.400000000000006
-1.7;-1.19548152988046;7.34876252000001;1.48743222999028;3.73;-1.53882772999993;-0.0207161237894418;-0.5;-0.0387000000000006;-13.494211925546;0.629999999999962;13.4999999999893;1.25351359224605;0.100000000000009
-1.90000000000001;0.634087800083663;-6.52987671;1.46411230747634;-2.11;-0.901938119999961;-0.0610294094021594;0.66;-0.000700000000000589;1.83875817327157;-2.05000000000002;-22.7500000000074;-1.26655801426498;-1.7
0.900000000000006;4.60503166005858;-8.60519409000001;-7.46092940484932;3.11;-1.23172826999997;-0.0221760182884256;-3.26;0.000799999999999912;-0.0486625169013308;-0.330000000000015;52.4999999999948;-1.34947003061779;-1.90000000000001
-1.8;1.930128400041;5.38986969000001;-1.45953967737616;-2.92;-0.67739762999999;-0.0552099291199507;0.0299999999999994;-0.00920000000000032;-0.810870870777137;-0.240000000000014;-8.00000000000364;0.2746609317845;0.900000000000006
-0.900000000000006;2.1316365400287;-22.25147248;0.230213811217695;2.17;-0.333915909999985;-0.0169938290673168;-0.74;0.000899999999999901;5.18025906006282;0.459999999999993;-36.0000000000026;-0.132055818099587;-1.8
-1.09999999999999;1.45455303002009;8.74050522;2.54766774062031;0.519999999999996;-0.813044409999998;0.0841677164742839;9.11;-0.0298;0.148649688605445;-0.740000000000008;-9.25000000000182;2.00657641442172;-0.900000000000006
1.61839510195212e-18;4.96573588001406;-7.7429657;-1.32848264421921;-13.79;-0.900229639999984;-0.0567540577432434;-3.16;0.000499999999999945;0.303306716101858;-0.190000000000002;14.2499999999987;-0.188104868361238;-1.09999999999999
1.09999999999999;-3.68939094999016;11.0677681;-2.41872271773286;-7.44;-0.422291509999998;0.0578250214284479;7.35;0.0154000000000001;6.5021141282711;-0.180000000000002;-12.5000000000009;-1.10822304413293;1.61822834331826e-18
0.700000000000003;-2.60906087999311;2.57268524;-1.58749373089013;1.86;0.696028210000006;0.0874768568718252;-8.85;-0.00250000000000017;0.51287766767382;2.67;13.4999999999994;0.638486172316841;1.09999999999999
-0.799999999999997;-1.97934028999517;8.92118836;3.29001058889902;3.56999999999999;0.245367370000009;-0.000220126793379349;-1.79;-0.00740000000000007;3.90220043242331;-0.200000000000004;-57.7500000000005;-0.0639872417588467;0.700000000000003
0.399999999999991;-0.561264489996623;-11.601223;0.504266804092424;3.2;0.985739559999998;0.173543811212029;-1.07;-0.0153000000000001;-2.47401344770984;-1.75;-0.250000000000284;0.517060952622815;-0.799999999999997
0.700000000000003;0.427667610002364;-3.65324400999999;-0.114591037228394;5.70999999999999;0.016399700000007;0.0963083627224428;-0.590000000000002;-0.000199999999999978;-1.28017258653243;-0.820000000000001;-29.5000000000002;0.00810095384345288;0.399999999999991
1.10000000000001;-0.283726349998355;16.0583992;-1.80585051000972;-3.03;-1.27341866000001;0.0292838762105582;5.589999;-0.00479999999999992;-10.1582822812289;-0.169999999999995;75.8799999999998;0.0735135922460479;0.700000000000003
-0.300000000000011;-0.638384279998839;-2.85945893;1.15285984747635;-6.17;-0.623955640000006;0.108970590597841;-3.629999;0.0201;1.85990892429348;0.639999999999993;21.1199999999999;-0.306558014264986;1.10000000000001
-1;-1.07884642999919;-2.81837462999999;2.24858281515067;2.69000000000001;-1.58215147;0.0778239817115745;1.040001;-0.0294000000000001;-4.35985699118596;-0.490000000000002;-39.5;0.000529969382208506;-0.300000000000011
-0.699999999999989;-0.959767589999431;24.51786804;-4.78842923737616;-2.54000000000001;-1.91963242;0.0647900708800493;2.859999;-0.00849999999999995;-1.86970700277641;0.810000000000002;-25.1200000000001;-0.635339068215499;-1
1.8;-3.9057729999996;-24.12750244;2.1780736612177;2.14;0.68743044;0.0930061709326832;-2.74;-0.00909999999999989;-1.90992623233666;0.5;34.12;0.507944181900413;-0.699999999999989
3.39999999999999;-0.10733372999973;2.03572845000001;-0.227879319379682;-2.98999999999999;0.420190660000003;0.104167716474284;-3.02;0.0251999999999999;4.82451998392582;1.94;13.25;-0.163423585578281;1.8
2.40000000000001;-2.6896030199998;-8.33937072000001;0.283603625780785;3.06999999999999;0.875478049999998;0.0732459422567566;-0.600000000000001;-0.0135000000000001;8.75341592282609;-0.399999999999992;33.3699999999999;0.561895131638764;3.39999999999999
1.5;-2.41480729999987;-13.87641526;0.265138572267148;2.85000000000001;1.13913752000001;0.227825021428448;1.16;0.0195000000000001;2.11519057297809;4.20999999999999;17.26;0.301776955867071;2.40000000000001
-3.09999999999999;-1.7884727699999;8.33691749733094;-1.05770755089014;-2.36;0.643567070000003;0.287476856871825;5.06;-0.0117;-2.8119688210313;-4.37;-6;0.73848617231684;1.5
-4.2;0.194497750000063;3.87018623266906;-5.73939702110097;-6.98;-1.41885239000001;0.309779873206621;-0.667318985302831;-0.00679999999999992;-9.93119210967023;-1.65;-28.1300000000001;-0.243987241758845;-3.09999999999999
-2.7;2.29787807000006;17.70485688;-4.78423048590757;-21.33;-3.24046381999999;0.263543811212029;2.31242814675021;0.000399999999999956;-9.09638822717538;-1.53;42.5;-2.99293904737719;-4.2
-1.40000000000001;0.372965840000025;-13.021698;-3.7724180972284;-12.66;-1.28984432;0.176308362722443;2.91560604575424;-0.00740000000000007;-11.1618349321583;-0.719999999999999;-44.25;0.188100953843453;-2.7
2.2;-6.26364352999997;7.81425476;3.59897048999029;12.01;0.230971749999995;0.109283876210558;-3.41521596216048;0.0143;14.840554076833;0.920000000000002;-1.88;0.58351359224605;-1.40000000000001
0.700000000000003;-0.637837829999979;-10.49298859;6.94806616747634;9.75;1.16136256999999;0.0789705905978406;5.17735022648766;0.0133000000000001;-8.24090562506318;0.589999999999996;-30.87;0.493441985735013;2.2
1.90000000000001;3.03432925000001;-3.04118346999999;5.15472896515067;2.40000000000001;0.67078952;0.0778239817115745;-4.38985584145864;0.0543;10.4195728242643;2.21;40.25;0.660529969382207;0.700000000000003
2.09999999999999;6.12141615000001;-6.39431381;4.58515010262386;1.63;2.16010899;0.0847900708800492;3.05610261097895;0.0162;1.69989386803884;2.34999999999999;15.5;0.4146609317845;1.90000000000001
3.40000000000001;0.897938119999998;4.10880661;2.53847116121769;-2.70999999999999;-0.34051212;0.0930061709326832;0.734272127685266;-0.0218;2.559794377234;0.329999999999998;31.62;0.317944181900414;2.09999999999999
4.19999999999999;-0.262282659999993;-5.19538498;1.01508487062033;-0.230000000000004;1.60409484;-0.00583228352571619;-2.4958347906865;-0.00709999999999988;-4.84567558937471;0.0500000000000114;20.38;-0.21342358557828;3.40000000000001
3;0.542031730000008;-3.89258957000001;5.31245100578079;1.53999999999999;1.16875127;0.113245942256757;-2.38278356736803;0.0281;3.42327902151573;4.03;-17.5;0.591895131638763;4.19999999999999
4.90000000000001;1.69335088;6.15270615;8.38134653226712;6.08000000000001;1.061036;-0.0421749785715521;2.44557499679604;0.0285;1.39509474206082;4.25;60.75;0.601776955867072;3
3.09999999999999;4.12826201999999;4.99359512;1.89884625910987;4.97999999999999;1.25746737;-0.0625231431281749;10.5259024977572;-0.00770000000000004;2.60796409732663;1.75999999999999;20.87;0.32848617231684;4.90000000000001
2.60000000000001;3.35240732382122;-9.38289261;2.50002057889903;7.04000000000001;1.65975392;-0.210220126793379;-5.00986725156994;-0.00619999999999998;-3.20123906681971;5.52;-2.5;1.33601275824115;3.09999999999999
2.89999999999999;4.09975089999999;1.66071701;3.35379938409243;3.28999999999999;-0.0261578599999979;-0.0564561887879711;-8.45890877609896;-0.0346;9.64357890282001;-0.00999999999999091;-41.37;-1.03293904737719;2.60000000000001
0.0442598908848018;-2.61148519999999;6.07759857;4.48438322277161;-0.609999999999999;-0.790456109999994;-0.0736916372775571;-0.726234443269266;0.0289999999999999;-4.30185794116151;-1.77635683940025e-15;116.55;2.52810095384345;2.89999999999999
-2.8;4.5145806;10.39222718;11.6146088499903;3.45;0.793934519999993;-0.0207161237894418;-1.80536581028849;0.0206999999999999;5.00053797053069;3.54000000000001;-71.1799999999999;0.393513592246048;0.0442172937816281
-0.700000000000003;13.6968244;-10.89515305;-0.244163442523657;6.20999999999999;-0.25451133;0.0489705905978406;-0.898755367201945;-0.0369999999999999;6.44908310052524;2.09999999999999;16.13;0.00344198573501409;-2.8
3.40000000000001;7.18886270000002;-12.5836792;-0.00910108484931982;1.11;-0.482794909999996;0.0878239817115745;2.43187124295864;0.00150000000000006;-1.18043506782375;0.430000000000007;23.25;-0.0394700306177924;-0.700000000000003
1.19999999999999;3.79257960000001;13.06103516;-5.28226631737616;-4.75999999999999;0.606069879999993;0.0347900708800493;-1.74469012992895;-0.00629999999999997;-3.10011165642285;-4.79000000000001;20.5;2.4546609317845;3.40000000000001
4;1.19423502779381;4.60418319000001;-1.32732377878231;3.92;-0.0934552399999973;0.0430061709326832;6.67071590904973;-0.0226000000000002;0.139790510110828;-0.200000000000003;1.75;-0.122055818099588;1.19999999999999
2.10000000000002;8.21307500625125;-11.07536315;5.20557068062033;9.83;2.34133208;0.0541677164742839;-6.87249716366518;-0.002;4.53432170363907;1.89;47;-1.48342358557828;4
-1.60000000000002;2.08777136835523;-0.791484839999995;-6.83816409421921;-2.33;0.362586690000001;0.0732459422567566;10.9352522854344;-0.0225;7.72327712662538;-5.11999999999999;1;-0.508104868361235;2.10000000000002
1.90000000000001;-2.83566848024857;16.6307106;1.70845989226713;-7.44000000000001;-1.39277029;0.0178250214284479;-9.96632610019594;0.00320000000000009;1.63509341563756;1.25;-3;0.0617769558670727;-1.60000000000002
5.59999999999999;-4.81215824312012;15.70935059;7.22451570910987;11.51;2.30316255;0.0474768568718251;7.61257412986284;-0.0135000000000001;1.17796316883036;-0.427046979865779;-9.5;-0.871513827683161;1.90000000000001
3.92598211630718;-0.0386497122679028;35.22870637;4.89382597889902;8.42;0.838284780000009;-0.0402201267933793;5.32180119090399;-0.00140000000000007;-0.321239716767082;0.610067114093957;7.21911419532262e-11;-0.133987241758847;5.59999999999999
3.07220536510786;1.59866950310893;-13.6283529007291;9.63160488409244;4.94606031653461;-1.13754905;0.0235438112120289;-9.58874016636721;-0.0153999999999999;0.653578447856802;0.372388863253939;78;2.26706095262282;3.92836845048004
2.76054375557547;1.10052619365199;-21.3777828297813;-3.80647777722842;5.19393968346539;0.13359414;-0.0236916372775572;12.840885583543;-0.0524;3.1881417403643;7.105427357601e-15;49.75;0.148100953843452;3.07148946485603
-1.25761937109715;1.14503006142273;-14.5171907808469;-14.4942764500097;7.77000000000001;-1.0435512;-0.0407161237894418;-7.20938319151994;0.0191999999999999;-6.24946225240129;-2.21282945700557;32.25;0.40351359224605;2.76004262539917
-1.40728096516497;3.55352234175614;8.59143013340719;-5.47480514252365;5.28999999999999;-1.89183549000001;0.0489705905978406;2.52043046593605;-0.0250999999999999;7.29908294447287;1.51001938009764;4.04725142288953e-11;-1.56655801426499;-1.25797016222057
-1.95023349183759;-0.59713934285455;3.78416486338502;1.43002414247873;-13.22;-4.02970962000001;0.0378239817115744;-7.37969627384477;-0.0264;-2.31043517706044;1.19701356606726;-76.25;-1.38947003061779;-1.40694435064606
-0.86516344428631;3.53554371791799;26.9373896813695;3.85207468262384;-7.95;-0.999377249999995;0.0547900708800493;4.54021290830866;-0.0161;5.12988826711154;2.40990949624709;23.75;0.414660931784498;-1.95040537948807
-0.0856144110004209;2.52275129704184;-4.29739701004135;-5.13611210878231;-9.41;-4.57368805999999;0.0330061709326832;5.75014833581606;-0.0258;0.239790456584842;-5.41206335262703;90;-0.00205581809958666;-0.865283765641664
-0.039930087700327;3.80049391926234;18.3122558329711;-1.04723555937967;3.28999999999999;-2.08270633000001;0.0641677164742839;-5.73989816492875;0.00839999999999996;1.2343216661709;-1.77635683940025e-15;-39.25;0.196576414421719;-0.085698635949143
-2.34795106139021;-1.86476900860016;-27.1959037369202;5.35529637578078;-3.17999999999999;1.53218438;-0.0867540577432434;-5.29992631545013;0.0522;5.51327710039763;2.27378895721276;-86.75;1.82189513163876;-0.0399890451644183