Date;Food;Fertil;GPRH;Metal;Oil;Raw_Material;Temperature Anomalies;VIX;Euro_Dollars;Viande;Huile;Wheat;Sucre
1999-01-01;61;30,69129272695;48,8342170715332;30,09960504959;12,52;53,67950129833;0,51;26,25;1,1366;61,95;22,09;275,5;7,11
1999-02-01;58,4;31,80851940784;39,0224876403809;29,93318184288;12,01;53,78924723228;0,7;27,879999;1,1025;65,1;18,09;237,25;6,34
1999-03-01;57;33,9144970361;73,2886199951172;29,87394266472;14,68;53,81937070113;0,4;23,26;1,077;66,2;19,28;280,25;5,91
1999-04-01;55,8;32,34026906154;87,2042922973633;31,53309319072;17,31;53,7829720008;0,47;25,07;1,057;66,6;19,65;259;5,34
1999-05-01;55,4;32,39751371516;71,0502624511719;32,51382414052;17,72;55,23631595214;0,4;25,389999;1,0423;64,25;18,14;252,25;5
1999-06-01;54,6;32,16200374869;62,736930847168;31,73355365036;17,92;56,75070549463;0,41;21,09;1,0357;63,75;16,64;250;5,6
1999-07-01;52,6;31,57230684092;45,099365234375;34,24665893024;20,1;57,02732977182;0,4;24,639999;1,0707;64,22;15,27;263,75;5,98
1999-08-01;54,4;31,84524610166;42,6756210327148;35,01703141692;21,28;57,15510411929;0,36;24,450001;1,0564;66,85;17,51;264,75;6,82
1999-09-01;54,6;31,89005228102;55,731372833252;36,64032135461;23,8;57,79668874036;0,38;25,41;1,0684;68,28;17,05;275,75;6,99
1999-10-01;53,2;31,45145376912;57,7733764648438;36,30850950756;22,69;57,69650231149;0,34;22,200001;1,0551;72,22;16,83;255,75;6,88
1999-11-01;53,2;31,13630476637;44,1213226318359;36,56180407173;25;58,23595486231;0,35;24,18;1,0091;70,25;17,21;233;5,78
1999-12-01;51,9;31,25556446141;70,1758346557617;37,86154665793;26,1;57,90189511589;0,53;24,639999;1,0075;69,6;16,32;248,5;6,12
2000-01-01;52,6;32,76777739455;52,9664611816406;40,05483134732;27,26;57,80567166245;0,34;24,950001;0,9695;70,15;17,14;256,25;5,42
2000-02-01;52,3;34,58887293784;54,4604415893555;40,00468294708;29,37;58,54472134987;0,56;23,370001;0,9647;69,75;16,15;247;4,65
2000-03-01;52,8;34,39209444102;39,3818969726562;38,7908711575;29,84;58,70300529306;0,55;24,110001;0,9562;72,17;18,88;262,25;5,9
2000-04-01;53,4;33,60498045374;39,6601486206055;36,80181891427;25,72;59,1872791098;0,63;26,200001;0,9123;74,25;18,23;242,25;5,16
2000-05-01;53,6;34,71409561763;60,2037887573242;37,66883581047;28,79;58,56571660343;0,43;23,65;0,9379;67,78;16,32;274,75;7,55
2000-06-01;53,8;36,7355474486;50,0066833496094;37,28626163755;31,82;58,48608277203;0,39;19,540001;0,9526;67,47;16,24;259,5;8,5
2000-07-01;54;39,23529964015;39,5753021240234;38,18283526881;29,7;56,81733214863;0,4;20,74;0,9263;66,72;15,8;246,25;10,4
2000-08-01;53,2;41,03380482485;32,6047973632812;38,04919912806;31,26;57,29020633497;0,46;16,84;0,8888;66,22;16,28;250,75;10,56
2000-09-01;52,6;38,24312796086;44,666675567627;39,85122164567;33,88;54,33714378651;0,42;20,57;0,8839;69,08;16,04;265;9,77
2000-10-01;53,4;37,77506158906;58,182689666748;37,67860971363;33,11;54,05226642697;0,31;23,629999;0,8493;72,5;15,3;254,75;9,9
2000-11-01;53,8;35,40194812416;36,5154228210449;36,61588587022;34,42;53,09075001215;0,26;29,65;0,8724;72,17;15,41;256;9,75
2000-12-01;54,4;34,91894635924;39,0643768310547;38,00628388152;28,44;52,37076401555;0,33;26,85;0,9424;80,22;15,27;279,5;10,2
2001-01-01;53,8;38,4967372105;38,0375137329102;38,30008728469;29,59;51,15862709054;0,47;22,02;0,9365;77,55;15,33;273;9,95
2001-02-01;54,2;36,2427289742;33,4735946655273;37,86784249779;29,61;51,1307993995;0,41;28,35;0,9234;82,38;16,28;265;9,28
2001-03-01;55,1;35,33039230713;41,9615516662598;36,3765433986;27,25;50,17301430757;0,65;28,639999;0,8778;78,35;16,43;255;7,75
2001-04-01;54,6;34,8187682154;38,0690307617188;35,82407988345;27,49;49,65838301551;0,59;25,48;0,8881;77,1;15,42;272,75;9,5
2001-05-01;55,4;33,14610994021;46,6959495544434;36,63165039991;28,63;49,05929554268;0,62;22,639999;0,8459;74,62;15,3;267;8,55
2001-06-01;54,8;33,33365321578;52,2373085021973;35,0963659136;27,6;48,4689328263;0,55;19,059999;0,85;71,53;15,48;246,75;9,59
2001-07-01;56,5;33,40458480309;50,5754890441895;33,68626152871;26,43;47,46969301853;0,6;21,620001;0,8762;71,88;19,17;278,5;7,93
2001-08-01;56,6;33,65440593297;48,3959503173828;32,66504422612;27,37;47,53817070201;0,61;24,92;0,9124;71,8;17,13;278;7,91
2001-09-01;55,4;34,44211576145;289,940124511719;31,79740724375;26,2;47,83406171884;0,54;31,93;0,9117;66,22;15,79;270,75;6,7
2001-10-01;54,2;34,67109437593;303,585327148438;30,64935747626;22,17;45,31715194685;0,52;33,560001;0,8998;66,22;15,92;293,25;6,74
2001-11-01;54,7;35,04724744611;215,274429321289;31,61900550445;19,64;44,88042550394;0,71;23,84;0,8965;67,22;16,51;281,5;7,68
2001-12-01;54,3;35,7718470082;179,275985717773;32,08343754207;19,39;45,14044329003;0,57;23,799999;0,8909;68,17;15,69;289;7,39
2002-01-01;53,5;36,1952189256;131,618515014648;32,81834038697;19,72;45,37850585831;0,71;21,09;0,8585;73,75;15,6;286;6,38
2002-02-01;51,7;35,94843346132;106,102386474609;33,03548773288;20,72;46,37975926833;0,79;21,59;0,8686;70,38;15,73;267,25;5,99
2002-03-01;52;34,60676189209;112,14501953125;33,98256786236;24,53;46,86476060023;0,82;17,4;0,8718;70,42;16,79;285;5,93
2002-04-01;51;33,47202070401;114,565628051758;33,62521508215;26,18;47,58627415593;0,58;21,91;0,9002;66,7;16,47;261,75;5,68
2002-05-01;50,5;33,81916561764;118,064300537109;33,17493691349;27,04;48,09204115622;0,59;19,98;0,9339;60,48;18,88;282,25;5,9
2002-06-01;51,3;34,44702411619;107,947250366211;33,70246560159;25,52;50,78458352641;0,6;25,4;0,9918;63,4;18,49;307;5,91
2002-07-01;52;34,56941808079;90,2196273803711;33,28193007945;26,97;52,53941516875;0,63;32,029999;0,9775;65;20,31;334;5,8
2002-08-01;53,4;36,45095572605;88,4414901733398;31,83382762712;28,39;53,87110764909;0,56;32,639999;0,982;64,72;20,72;362,25;5,98
2002-09-01;54,9;34,85845571111;111,664253234863;31,94689706607;29,66;54,1624411923;0,58;39,689999;0,9868;67,4;19,88;396,5;6,89
2002-10-01;55,2;34,61493333793;119,170524597168;32,17169872195;28,84;53,81056092859;0,49;31,139999;0,9907;68,4;21,76;402,25;7,64
2002-11-01;56,3;34,5525135411;117,241096496582;33,65796016088;26,35;53,71494654945;0,59;27,5;0,9946;74,78;22,65;373;7,61
2002-12-01;55,6;35,54381129878;116,265594482422;33,77978551933;29,46;54,61371088461;0,49;28,620001;1,0501;75,35;21,26;325;7,33
2003-01-01;56;37,18603439611;136,643829345703;34,72426392105;32,95;54,6651883207;0,71;31,17;1,0769;82,6;20,59;320,5;8,64
2003-02-01;56,5;40,48607102826;140,880065917969;35,71494977234;35,83;55,15073430514;0,59;29,629999;1,0798;79,12;21,02;312,5;8,9
2003-03-01;55,5;41,89542819029;244,572158813477;35,09271376163;33,51;56,33905609432;0,61;29,15;1,0924;75,8;21,4;286,75;7,68
2003-04-01;55,6;39,06477139723;209,307327270508;33,7632193579;28,17;55,58039829636;0,58;21,209999;1,1183;79,05;21,9;279,5;7,3
2003-05-01;56,3;40,48107719056;131,403350830078;35,12390074683;28,11;54,99671660349;0,62;19,469999;1,1787;82;22,04;324,25;7,08
2003-06-01;56;41,43522373436;126,875129699707;35,68727630682;30,66;55,16880773731;0,55;19,52;1,1511;73,22;22,07;301,75;6,33
2003-07-01;56,7;42,85213666081;119,357864379883;36,21383872155;30,76;55,31316282175;0,6;19,49;1,1231;78,85;19,24;348,5;7,21
2003-08-01;57,6;42,62217637538;112,945587158203;36,89844781826;31,57;56,1168143808;0,66;18,629999;1,098;84,35;20,86;367,5;6,29
2003-09-01;58,7;43,58636963906;102,623001098633;36,80479292;28,31;56,50481059401;0,65;22,719999;1,166;90;24,62;360,25;6,2
2003-10-01;60,3;44,72250381399;94,5968933105469;38,83244745573;30,34;58,99885687625;0,74;16,1;1,1584;101,75;25,6;369,5;5,93
2003-11-01;61,8;45,07720449204;95,3519287109375;40,39656911934;31,11;59,28285890967;0,57;16,32;1,1994;102;27;394,25;6,25
2003-12-01;62,4;45,91089218335;109,332992553711;42,72864402167;32,13;58,4908165141;0,76;18,309999;1,2588;77,2;27,67;377;5,67
2004-01-01;64,3;46,53263597433;97,6766815185547;45,86871710109;34,31;59,0496783052;0,61;16,629999;1,2469;81,1;29,37;389;5,86
2004-02-01;65;43,15961038171;98,9583282470703;48,74794479501;34,69;59,73672877924;0,73;14,55;1,249;81,5;33,75;380,75;6,03
2004-03-01;66,7;42,6084433217;105,247718811035;49,25615688544;36,74;59,67119804661;0,7;16,74;1,2315;84;31,7;408;6,4
2004-04-01;67,3;42,30433109934;121,128257751465;49,42375066392;36,75;59,70575148402;0,6;17,190001;1,1982;88,3;32,03;381,5;6,58
2004-05-01;66,4;43,38124614557;105,237655639648;46,46839229644;40,28;60,92490700881;0,44;15,5;1,2186;89,25;26,95;362;7,06
2004-06-01;66,1;46,5797911666;125,61060333252;47,80391316627;38,03;61,0215509182;0,48;14,34;1,2187;87,25;26,35;338;7,24
2004-07-01;65,6;51,20246115535;121,087120056152;49,34189342259;40,78;59,73318601869;0,47;15,32;1,202;86;21,06;312,25;8,28
2004-08-01;64,5;53,81591501249;120,906036376953;48,78671895282;44,9;59,05620208313;0,52;15,29;1,2188;84,22;25,2;309,75;7,99
2004-09-01;65,2;58,02013863076;133,367172241211;49,28001777648;45,94;59,22690794418;0,55;13,34;1,2432;84,5;20,76;306,75;8,5
2004-10-01;64,7;61,60630947321;105,098213195801;51,64550163451;53,28;59,3117662956;0,6;16,27;1,2785;87,85;21,64;316,5;8,6
2004-11-01;65,4;59,59767794805;107,289260864258;52,09679270685;48,47;59,22373817963;0,75;13,24;1,3293;85;20,9;289,75;8,84
2004-12-01;65,6;54,25793040117;86,8295593261719;52,65549246821;43,15;58,38188011627;0,51;13,29;1,3558;89,85;21,02;307,5;9,04
2005-01-01;65,4;54,16490783903;80,8364791870117;56,3984442549;46,84;60,03614820977;0,65;12,82;1,3034;91;19,67;291;9,22
2005-02-01;65,9;54,32948621819;90,2611923217773;57,93918388268;48,15;60,73507007301;0,55;12,08;1,3237;87,22;23,41;337,25;9,17
2005-03-01;67,1;58,81961373653;72,8620223999023;60,22413855165;54,19;62,27462186854;0,74;14,02;1,2963;92;22,9;331;8,7
2005-04-01;65,6;62,39740458779;76,2219161987305;59,0539913762;52,98;62,22168332863;0,72;15,31;1,2873;93,92;22,62;318;8,61
2005-05-01;66,3;64,36179903405;82,1899185180664;56,64913293824;49,83;63,40133898918;0,66;13,29;1,231;90;23,36;331,75;8,76
2005-06-01;67,2;58,84490796437;71,1310195922852;57,62067215179;56,35;63,89963760457;0,67;12,04;1,2102;82,78;23,99;321,5;9,34
2005-07-01;67,4;59,45683504588;122,324020385742;57,77035895045;59;65,46228241736;0,66;11,57;1,213;87,55;24,41;327,75;9,83
2005-08-01;67,5;57,54981009919;92,7262191772461;60,14032431121;64,99;65,23734784538;0,63;12,6;1,2344;83,25;22,8;301,5;10,07
2005-09-01;68,4;57,79686493684;82,5535125732422;60,04192687353;65,59;66,52004853042;0,68;11,92;1,203;89,12;24,21;346,25;10,95
2005-10-01;69,4;58,53031206135;76,845344543457;61,68131501242;62,26;66,72401850049;0,68;15,32;1,1988;88,5;23,36;317;11,33
2005-11-01;68,8;62,22993867679;67,8366012573242;64,3557698844;58,32;66,65449956498;0,72;12,06;1,1789;65,88;21,64;304;12,43
2005-12-01;69,5;59,20670540747;86,6675033569336;69,36903412299;59,41;67,61840821448;0,63;12,07;1,1843;92,45;22,14;339,25;14,68
2006-01-01;69,4;57,55018824333;80,4649658203125;73,12580179226;65,49;70,68440764781;0,5;12,95;1,2155;93,55;23,2;343,25;18,02
2006-02-01;70,4;59,20670540747;77,1498870849609;75,58032538622;61,63;71,94331190008;0,7;12,34;1,1921;90,15;24,32;370,25;16,74
2006-03-01;69,4;63,37002259551;81,5135040283203;76,34994982276;62,69;71,68307759066;0,64;11,39;1,2119;79,5;23,5;347,75;17,9
2006-04-01;69,7;63,99046146749;71,6875839233398;87,79851435963;69,44;72,47091321303;0,52;11,59;1,2637;79,2;25,82;346,25;17,13
2006-05-01;71;61,41445205458;77,7981491088867;101,26719189323;70,84;76,63856209393;0,55;16,440001;1,2812;79,7;25,65;393,5;15,46
2006-06-01;71,1;58,6237751906;83,3894195556641;91,45682883415;70,95;77,62212727868;0,66;13,08;1,2789;84,55;26,62;371,5;15,79
2006-07-01;72,9;58,36787399263;106,795906066895;97,16914952323;74,41;76,54668920053;0,62;14,95;1,2763;83,72;27,12;397,5;14,91
2006-08-01;72,9;60,29536516482;106,37255859375;98,00816204438;73,04;76,55060301685;0,65;12,31;1,2807;90,22;25,74;404;11,8
2006-09-01;73;60,9572564723;99,5656051635742;97,79142159722;63,8;74,59226539341;0,64;11,98;1,2672;90,65;24,64;443;10,85
2006-10-01;74,9;60,10932004055;91,6651611328125;101,69728706623;58,89;74,2923603125;0,68;11,1;1,2763;90,4;27,5;483;11,55
2006-11-01;77,5;62,71037398942;75,4869384765625;101,06505373314;59,08;74,28522079525;0,64;10,91;1,3241;85,7;30,07;502;12,37
2006-12-01;78,6;66,38540254438;80,4272766113281;101,76709173605;61,96;76,45440457142;0,79;11,56;1,3199;90,42;30,14;501;11,75
2007-01-01;78,1;68,40704820475;94,1446151733398;96,82743702612;54,51;78,25774980466;0,91;10,42;1,3034;90,22;30,26;467,5;10,6
2007-02-01;79,6;73,75210014911;88,5464401245117;98,6930611931;59,28;79,58750851166;0,68;15,42;1,3235;94,45;31,15;474,5;11,31
2007-03-01;80,8;78,67688144663;74,7906723022461;104,58692035619;60,44;79,85331404158;0,66;14,64;1,3358;97,6;33,18;438;9,88
2007-04-01;83,6;77,37688815118;73,93408203125;114,37652220803;63,98;81,10279045808;0,72;14,22;1,3647;97,28;33,87;485,5;9,24
2007-05-01;86,2;79,84441378656;88,0791015625;116,37934253623;63,46;81,04792375359;0,6;13,05;1,3453;91,15;36,17;517;9,34
2007-06-01;91,1;80,62310067271;92,1575546264648;110,02408356799;67,49;80,71298677755;0,55;16,23;1,3542;85,5;37,16;582;9,07
2007-07-01;95,3;77,42097786083;96,1720657348633;111,0602077201;74,12;81,5717322485;0,56;23,52;1,3673;94,88;38,35;630;10,33
2007-08-01;98,9;77,42763068026;70,5976333618164;105,4904970349;72,36;81,34165586067;0,56;23,379999;1,363;94,1;37,11;767;9,48
2007-09-01;105;87,13329878443;88,0854339599609;108,1843053398;79,92;82,10690650041;0,58;18;1,4272;96,95;40,41;939;9,56
2007-10-01;107,6;92,91070302476;94,4380111694336;114,419785097;85,8;82,7034795288;0,56;18,530001;1,4481;94,8;43,34;808;9,98
2007-11-01;110,5;100,17608634828;76,5248718261719;112,14130372209;94,77;83,92367378318;0,52;22,870001;1,4632;93,85;46,69;867;9,75
2007-12-01;114,4;106,55685775284;80,957160949707;105,31024055676;91,69;83,11660462176;0,47;22,5;1,459;96,25;50,11;885;10,82
2008-01-01;120;109,91639173969;80,7180404663086;109,54930435146;92,97;86,09618305064;0,27;26,200001;1,4866;90,9;54,82;929,5;12,36
2008-02-01;128;114,3351027766;79,3384475708008;117,66387307462;95,39;89,2832227061;0,37;26,540001;1,5181;92,97;69,32;1073;14,27
2008-03-01;132,1;128,77000980207;67,8318099975586;126,25735791172;105,45;93,15680776249;0,74;25,610001;1,5774;87,42;52,48;929;11,69
2008-04-01;130,4;174,0653096272;68,298210144043;125,45220505939;112,58;93,89550653129;0,49;20,790001;1,5617;91,65;58,63;787,25;10,65
2008-05-01;130;213,04042394248;65,236572265625;121,31300547041;125,4;94,56874298216;0,51;17,83;1,5554;96,53;62;761,5;10,02
2008-06-01;132,5;214,56865970122;70,5272064208984;117,97931591988;133,88;95,74115622493;0,53;23,950001;1,5756;100,6;66,7;843,5;12,04
2008-07-01;130,1;239,63922629375;79,4317245483398;118,90987058632;133,37;96,02442387537;0,59;22,940001;1,5601;98,4;58,84;783,75;13,93
2008-08-01;121,1;256,05522873853;74,7656173706055;109,90311983671;116,67;91,94854690625;0,57;20,65;1,4674;101,78;54,2;779,25;12,76
2008-09-01;112,8;245,37345815242;77,9458236694336;98,02210471799;104,11;91,92784172449;0,55;39,389999;1,4104;98,9;45;680;12,36
2008-10-01;97,6;242,16448559007;52,1327743530273;72,29347635486;76,61;84,76384242207;0,67;59,889999;1,2733;93,75;34,56;536,25;12,02
2008-11-01;89,5;180,64833892443;63,4148864746094;58,7096512292;57,31;83,0985534166;0,66;55,279999;1,2698;87,38;33,34;542,5;11,9
2008-12-01;86;162,44473706721;74,673095703125;50,63123693475;41,12;79,69941658863;0,54;40;1,398;84,47;33,95;610,75;11,81
2009-01-01;86,4;164,15376487467;61,3349304199219;51,68612290621;41,71;80,6713082638;0,6;44,84;1,2782;82;33,49;568;12,67
2009-02-01;84,2;165,59260471911;63,048900604248;51,01072497992;39,09;80,22268918425;0,55;46,349998;1,2669;82,53;31,44;510,5;13,47
2009-03-01;84;168,55288169239;56,752571105957;51,82135539392;47,94;78,97737129744;0,57;44,139999;1,3251;83,92;34,08;532,75;12,67
2009-04-01;87,2;142,70543158016;69,484733581543;56,73932440549;49,65;80,48511577248;0,62;36,5;1,3226;87,55;36,68;524,25;14,05
2009-05-01;93,3;132,28813214059;77,4302444458008;59,4276484875;59,03;83,84312133003;0,59;28,92;1,4154;81,33;39,38;637,25;15,58
2009-06-01;93,3;119,83838118735;71,3568878173828;65,56631045343;69,64;81,43486478736;0,67;26,35;1,4036;82,53;35,39;511,25;16,81
2009-07-01;90,7;99,30528189271;69,4314956665039;69,66553685381;64,15;79,58147708544;0,66;25,92;1,425;84,7;35,42;528,25;18,61
2009-08-01;93,5;95,2825541619;59,9464569091797;81,62767897716;71,05;81,76544062566;0,72;26,01;1,4331;82,67;35,6;471;24,39
2009-09-01;93;86,16500694625;74,6005020141602;77,94030774342;69,41;83,39609212935;0,72;25,610001;1,4636;85,6;34,75;457,5;24,12
2009-10-01;94,8;87,76069828741;81,0394668579102;80,52635177315;75,72;85,72595444901;0,64;30,690001;1,4718;81,65;37,16;494,25;22,16
2009-11-01;98,8;87,97362127379;66,1575241088867;84,69645851051;77,99;88,33438164472;0,7;24,51;1,5009;83,2;40,97;586,5;22,07
2009-12-01;100,7;90,8197949482;84,3959808349609;90,2933621993;74,47;88,9993231662;0,65;21,68;1,4318;86;41,16;541,13;26,95
2010-01-01;101,5;92,95092522958;78,1244277954102;96,57673688045;78,33;90,50494403337;0,73;24,620001;1,3863;85,8;37,03;473,13;29,9
2010-02-01;99;96,69123089563;71,459846496582;91,1065927433;76,39;90,00649525949;0,79;19,5;1,3626;90,3;40,13;519,13;24,13
2010-03-01;96,3;95,00324637649;58,7095680236816;99,41678341999;81,2;91,68938317681;0,88;17,59;1,3512;96,55;38,96;450,38;16,59
2010-04-01;96,8;92,46111912296;72,4843063354492;108,14545826422;84,29;96,86876013971;0,85;22,049999;1,3298;99,92;39,11;505,13;15,05
2010-05-01;96,3;88,18066369539;85,6720504760742;96,01636655021;73,74;96,68567810901;0,77;32,07;1,2306;90,53;38,07;458,38;14,19
2010-06-01;95,8;85,40078787376;95,8710174560547;89,09092808728;75,34;97,215394504;0,74;34,540001;1,2236;91,25;36,6;479,25;18,03
2010-07-01;100;92,2909882514;66,1782073974609;89,19850455079;76,32;96,59183612301;0,73;23,5;1,3048;92,65;40,14;661,38;19,57
2010-08-01;107,7;98,26055790433;74,3933029174805;97,58761195116;76,6;99,27813525641;0,69;26,049999;1,2687;97,25;40,05;689,38;19,75
2010-09-01;114,1;107,41757334552;63,366771697998;100,63755177404;75,24;102,16155140084;0,62;23,700001;1,3633;96,7;45,39;676,13;25,3
2010-10-01;120,1;112,34859694017;57,8123893737793;108,27305434035;81,89;107,45805474338;0,63;21,200001;1,395;98,85;50,01;727,38;29,12
2010-11-01;124,1;118,15945731259;82,3155975341797;109,42690316234;84,25;113,96373973158;0,75;23,540001;1,298;103,08;51,44;689,63;27,55
2010-12-01;129,3;120,83485305219;79,6795043945312;114,52350827588;89,15;117,5760275224;0,46;17,75;1,3379;107,9;58,74;792,63;32,12
2011-01-01;133,7;120,67260400446;67,2546234130859;120,8067798945;89,17;124,47226877434;0,46;19,530001;1,3686;108,95;58,77;838,63;33,97
2011-02-01;137,6;115,47620323966;70,897575378418;125,81963076352;88,58;134,22646926134;0,45;18,35;1,3802;110,25;57,86;816,38;32,51
2011-03-01;134,3;111,73001285908;101,096504211426;121,37058532795;102,86;131,99465333192;0,6;17,74;1,4165;121,55;59,56;759,13;27,11
2011-04-01;136,4;110,52139944702;76,1161727905273;124,28530280696;109,53;134,5554041357;0,62;14,75;1,4799;117,05;58,83;804,13;23,38
2011-05-01;135,2;108,35564802136;90,7013473510742;118,49279648344;100,9;125,99048434931;0,55;15,45;1,4394;103,75;59,04;787,13;23,18
2011-06-01;135;146,01848169353;77,3432540893555;116,97693495795;96,26;124,37217873468;0,64;16,52;1,4504;112,75;55,45;600,38;28,36
2011-07-01;133,2;153,44880925391;68,4137496948242;120,98702273544;97,3;121,1942782004;0,65;25,25;1,4395;112,62;56;674,88;29,81
2011-08-01;133;155,85325518967;71,489616394043;114,76937520668;86,33;121,31508178655;0,65;31,620001;1,4377;113;59,07;788,13;29,68
2011-09-01;130,4;160,61171702185;72,504035949707;109,08108734898;85,52;120,09520875702;0,59;42,959999;1,3384;122,15;50,48;606;26,34
2011-10-01;125,7;160,81943238104;66,2100677490234;98,38978774846;86,32;115,68802251406;0,61;29,959999;1,3856;119,8;51,79;629,25;25,77
2011-11-01;126,1;158,78996767637;70,8801956176758;95,83966482156;97,16;106,32052358125;0,49;27,799999;1,3441;121,6;49,93;614,88;23,69
2011-12-01;122,1;149,11074290464;75,7466049194336;95,07594280566;98,56;104,23668802442;0,55;23,4;1,2945;122,9;52,78;653,13;23,3
2012-01-01;122,4;138,55776269623;68,2678680419922;100,50247509191;100,27;105,72491424471;0,44;19,440001;1,3078;124,85;51,72;666,63;23,09
2012-02-01;125,4;139,32665972583;76,5500411987305;104,00500763309;102,2;107,84797657989;0,45;18,43;1,3324;127,65;54,87;667,88;25,01
2012-03-01;125,8;136,90574068752;74,9962387084961;103,54326762651;106,16;106,46361030893;0,51;15,5;1,3343;120,45;55,7;658,88;23,82
2012-04-01;124,4;154,33703779472;78,8109130859375;100,95386652161;103,32;106,25556847603;0,73;17,15;1,324;118,75;55,23;652,63;21,12
2012-05-01;119;161,10366070361;70,2324905395508;96,62863982128;94,66;104,59761513552;0,74;24,059999;1,2356;117,1;49,63;645,63;19,78
2012-06-01;115,9;152,75350487305;61,874813079834;91,63118125981;82,3;98,81427164418;0,72;17,08;1,2658;116,55;52,59;758,88;21,01
2012-07-01;122,1;118,63775599334;67,4638671875;91,1857005338;87,9;97,54645935137;0,7;18,93;1,2303;118,88;52,99;892,63;22,9
2012-08-01;123,4;140,40886073762;68,635986328125;87,65118551064;94,13;95,74417280876;0,7;17,469999;1,2575;118,08;57,08;888,63;20,51
2012-09-01;125,2;140,67719505147;61,4419250488281;93,5892224785;94,51;98,13747360269;0,74;15,73;1,2858;122,08;53;895,63;20,42
2012-10-01;124;134,99042302858;69,4249267578125;94,00176961033;89,49;98,63831044944;0,7;18,6;1,2958;126,75;50,95;866,88;19,4
2012-11-01;123,6;138,4240247523;67,2800750732422;92,41514908431;86,53;97,21219419427;0,7;15,87;1,2984;126,72;50,23;863,5;19,38
2012-12-01;122,9;136,61751968479;65,622200012207;97,42328329313;87,86;99,10046259567;0,47;18,02;1,3194;129,9;50,18;778,5;19,6
2013-01-01;123,4;131,81737763805;70,8666000366211;100,28575364763;94,76;99,46072465847;0,62;14,28;1,3578;127,62;53,56;781,63;18,84
2013-02-01;123,3;136,40502217246;72,4058151245117;101,34065726775;95,31;97,20975938659;0,66;15,51;1,3056;128;49,42;716,38;18,39
2013-03-01;122,9;129,7142914294;55,701545715332;94,54730708283;92,94;95,18855319104;0,67;12,7;1,2818;128,9;50,34;684,5;17,7
2013-04-01;122,9;117,31720084841;76,689697265625;90,7332321538;92,02;94,44463051141;0,58;13,52;1,3166;128,4;49,04;730,25;17,6
2013-05-01;122,1;123,66371024963;73,3460998535156;88,3155085324;94,51;94,99686962532;0,68;16,299999;1,2995;121,3;48,21;706,63;16,9
2013-06-01;120,9;114,44710171192;71,1839218139648;85,4117449957;95,77;95,14239465382;0,69;16,860001;1,3008;118,15;45,91;656,88;16,92
2013-07-01;117,9;110,3313765344;58,9587364196777;85,66884144195;104,67;92,91988076616;0,66;13,45;1,33;121,45;42,41;663,63;17,47
2013-08-01;116,2;107,22577872806;71,7505187988281;89,63748054703;106,57;94,16284781762;0,68;17,01;1,322;122,7;44,29;654,88;16,88
2013-09-01;116,4;102,13922505734;85,7788314819336;88,15323760672;106,29;95,17738853224;0,68;16,6;1,3524;127,85;41,4;679,13;18,14
2013-10-01;118,8;98,31309926334;64,7018356323242;89,07356330013;100,54;95,39443533454;0,66;13,75;1,3582;134,5;41,99;667,38;18,19
2013-11-01;118,7;99,74911090263;68,7341232299805;87,82071529155;93,86;95,24535958242;0,81;13,7;1,3589;133,47;40,86;668,25;17,24
2013-12-01;118,2;101,24974297873;70,1871109008789;88,71366598638;97,63;95,59141551023;0,67;13,72;1,3745;134,5;39,49;605,13;16,56
2014-01-01;116,2;105,66526447645;71,9802169799805;88,07568877782;94,62;95,16985388747;0,69;18,41;1,3485;141,68;38,25;555;15,76
2014-02-01;118,5;105,60942788655;63,7806968688965;86,16332398817;100,82;95,2628600598;0,49;14;1,3802;151,95;41,87;600,38;17,66
2014-03-01;122,1;102,59859795258;92,2150802612305;82,97936173713;100,8;96,55426128582;0,76;13,88;1,377;145,85;40,5;697,13;18,13
2014-04-01;121,5;94,90837907642;75,93310546875;85,47825515708;102,07;95,75856755526;0,8;13,41;1,3866;145,82;42,08;721,5;17,72
2014-05-01;121,3;96,03112235443;73,1231307983398;84,84713666365;102,18;95,22598971479;0,8;11,4;1,363;137,8;38,68;628,13;18,19
2014-06-01;119,3;99,49879505757;82,3318405151367;84,35901480662;105,79;94,87029800421;0,77;11,57;1,3691;153;39,04;576,75;18,01
2014-07-01;116,4;100,48395111002;104,568336486816;88,18183043721;103,59;94,28753122569;0,71;16,950001;1,3388;157,93;36,22;530,38;18,25
2014-08-01;113;101,43514409269;96,0631408691406;88,03385374179;96,54;90,9776472339;0,82;12,09;1,3132;155,9;32,14;563,38;17,44
2014-09-01;109,3;102,7868339775;104,130493164062;85,07021667072;93,21;88,2584821326;0,79;16,309999;1,2631;160,45;32,65;478,63;16,45
2014-10-01;109,4;103,52714580171;68,8133010864258;82,61522827059;84,4;87,03256236861;0,75;14,03;1,2524;169,5;35,24;531,25;16,34
2014-11-01;108,2;103,34969326874;67,8210144042969;82,85539367299;75,79;85,09821024787;0,64;13,33;1,245;168,88;32,41;578,38;15,96
2014-12-01;105,1;101,78104062012;69,4857406616211;78,82598352052;59,29;84,37267419978;0,81;19,200001;1,2097;165,7;32,35;589,88;14,92
2015-01-01;100,7;101,36218939863;94,4410629272461;73,8531946875;47,22;83,45610380666;0,83;20,969999;1,1286;154,85;30,46;503,25;15,04
2015-02-01;98,5;101,69905265602;98,143180847168;72,37040325316;50,58;85,02056433193;0,86;13,34;1,1193;158;33,11;512;13,77
2015-03-01;95,6;100,88430969039;95,0536117553711;71,77724587365;47,82;83,64017078997;0,92;15,29;1,073;161,32;30,7;512,88;12,06
2015-04-01;94,7;95,15832024818;90,0971908569336;72,13660554901;54,45;83,67947299147;0,81;14,55;1,1222;159,5;31,72;475,38;13,18
2015-05-01;95;95,4072527346;67,8885879516602;74,63688614214;59,27;86,00600056865;0,89;13,84;1,0987;152,32;33,33;477,88;12,28
2015-06-01;94,5;100,1885932898;78,0304794311523;70,3133685838;59,82;85,64152174389;0,91;18,23;1,1135;147,85;33,74;616,63;12,47
2015-07-01;93,8;99,80917670459;94,7588272094727;65,74767692707;50,9;84,35936490997;0,85;12,12;1,0987;145,7;30,21;498,13;12,4
2015-08-01;89,6;98,43518872006;83,1236724853516;62,65317938594;42,87;83,37754198808;0,91;28,43;1,1211;145,5;28,25;485,38;11,77
2015-09-01;89;99,60652030013;95,892333984375;63,40239009603;45,48;81,89823773182;0,94;24,5;1,1176;124,67;27,66;512,25;12,88
2015-10-01;90,4;95,4687723803;90,8705978393555;62,21665659974;46,22;81,69236379864;1,03;15,07;1,1005;139,25;28,75;522,13;14,17
2015-11-01;87,7;96,557487953;119,510467529297;57,8325425273;42,44;80,45638691114;1;16,129999;1,0563;130,05;29,67;475,63;14,46
2015-12-01;87,1;96,24798508873;131,210586547852;56,31368037882;37,19;80,20100791879;1,15;18,209999;1,086;135,8;30,96;469,38;14,92
2016-01-01;84,9;90,31730941755;97,5021133422852;55,21308139438;31,68;78,4288010636;1,12;20,200001;1,0834;135,3;31,33;479,38;13,08
2016-02-01;86;80,30048803834;84,3151702880859;57,68103065508;30,32;78,2576907741;1,26;20,549999;1,0871;139,5;31,11;452,88;14,36
2016-03-01;87,4;81,99744177384;93,4527282714844;61,19185775563;37,55;78,88592022116;1,31;13,95;1,1378;132,93;34,53;474,5;15,45
2016-04-01;89,2;81,36309726546;85,3721160888672;61,99894560548;40,75;81,60009897896;1,12;15,7;1,1454;123,1;33,26;489,25;16,32
2016-05-01;90,6;81,08696508505;77,3542785644531;59,97948963399;46,71;82,05188514815;0,94;14,19;1,1129;121,1;32,05;463,75;17,66
2016-06-01;93,8;72,54103878824;74,2213134765625;60,25668067631;48,76;81,61756039591;0,93;15,63;1,1104;120;31,66;448;20,33
2016-07-01;93;76,65463031369;90,4310607910156;63,49255155392;44,65;80,54640244799;0,92;11,87;1,117;113,08;30,59;407,25;19,44
2016-08-01;95,3;72,69475673646;79,6497802734375;63,78019705978;44,72;80,5342581315;0,98;13,42;1,1156;111,95;32,87;387,5;20,56
2016-09-01;96,1;73,05125868776;94,0345458984375;62,82845413738;45,18;80,60911677904;0,94;13,29;1,1238;98,9;33,67;401,75;23
2016-10-01;95,9;72,96639047487;77,6897354125977;64,1328563209;49,78;78,72411204654;0,79;17,059999;1,0979;103,1;35,53;415,25;21,11
2016-11-01;95,8;74,51043954205;71,8623428344727;71,52669221327;45,66;79,70767467082;0,78;13,33;1,0585;110,75;37,25;403;19,27
2016-12-01;95,1;75,02915253434;86,4172439575195;73,53505724321;51,97;81,41390280484;0,83;14,04;1,0513;119;34,92;407,75;19,25
2017-01-01;97,7;76,79330701687;86,7618789672852;74,5445265546;52,5;83,42597984085;0,97;11,99;1,0795;115,6;34,4;421;20,46
2017-02-01;98,1;76,75358379617;98,752326965332;77,94041741155;53,47;85,17327831069;1,02;12,92;1,0575;126,6;34,19;443,75;19,23
2017-03-01;96,2;76,44786976355;80,1341094970703;77,34271792858;49,33;82,76601566988;1,08;12,37;1,0649;119,95;32,17;425,75;16,88
2017-04-01;95,1;73,74138825674;93,1114196777344;74,04135598388;51,06;82,49827024405;0,92;10,82;1,0895;138;31,81;432,62;16,13
2017-05-01;97,4;68,50559852449;78,9104537963867;72,23872226729;48,48;82,15711923179;0,87;10,41;1,1241;124,42;31,6;429,5;15,13
2017-06-01;98;70,25871604161;105,329345703125;71,70786089173;45,18;78,9968448692;0,84;11,18;1,1423;119,1;33,16;525,75;13,81
2017-07-01;100,2;68,91560614106;86,8911972045898;75,38731558352;46,63;79,43806346962;0,9;10,26;1,184;112;34,92;474,25;15,6
2017-08-01;99,3;70,74848845154;107,87451171875;81,55521096138;48,04;79,37170927776;0,92;10,59;1,1908;104,53;35,06;435,5;14,98
2017-09-01;99,9;74,07601719778;95,0246810913086;82,67827989338;49,82;80,34235409844;0,86;9,51;1,1812;109,1;32,99;448,25;14,1
2017-10-01;98,9;78,08694341217;76,0986633300781;83,3900822677;51,58;78,63877099338;0,81;10,18;1,1644;120,5;35,11;418,5;14,82
2017-11-01;98,9;82,67508395184;61,7596893310547;83,45610945792;56,64;78,74389545439;0,8;11,28;1,1902;119,9;34,06;434,38;15,03
2017-12-01;96,4;74,09940833622;64,8411560058594;84,11395678797;57,88;80,40225113101;0,87;11,04;1,1996;123;33,43;427,5;15,02
2018-01-01;96,8;75,45335079228;69,3432769775391;88,56962577713;63,7;82,76026845738;0,74;13,54;1,242;123,85;33,48;451,5;13,37
2018-02-01;97,9;77,69608163431;58,2115592956543;88,60694031026;62,23;83,16351356902;0,76;19,85;1,2193;127,5;32,43;492,5;13,38
2018-03-01;99;78,2752110409;76,136474609375;84,47107154647;62,73;84,35758917164;0,89;19,969999;1,2321;113,75;32,26;451,75;12,46
2018-04-01;98,6;78,5918444877;76,4016571044922;86,44544399191;66,25;84,63310890158;0,84;15,93;1,2077;123,75;30,76;511,25;11,75
2018-05-01;98,7;77,3963629596;83,7504196166992;86,78852726804;69,98;83,09428116634;0,81;15,43;1,169;105,05;31,39;524,75;13,02
2018-06-01;97;78,03045075884;77,2205429077148;86,97667991636;67,87;82,19234304833;0,78;16,09;1,1683;107;29,34;502;12,25
2018-07-01;95,1;82,63548241514;68,615348815918;79,77226290302;70,98;80,96061477547;0,82;12,83;1,1691;107,67;29,01;554,5;11,48
2018-08-01;96;84,56561082431;74,0052185058594;78,11847133652;68,06;80,2832171521;0,8;12,86;1,1599;106,8;28,77;546,5;11,42
2018-09-01;94,2;86,69724736239;51,7537460327148;77,44491643466;70,23;79,94930124471;0,83;12,12;1,1608;113,45;29,23;510,5;11,2
2018-10-01;93,3;88,15180038914;60,4942512512207;79,35498638732;70,75;79,13625682937;0,92;21,23;1,131;115,85;28,49;501,25;13,3
2018-11-01;92,2;93,11753627303;52,7512855529785;77,50087473856;56,96;78,2360271913;0,78;18,07;1,1315;116,92;28,3;515,5;12,95
2018-12-01;92,2;89,42814531776;63,8190536499023;76,0717046308;49,52;77,81373567546;0,88;25,42;1,1469;124,8;28,12;503;12,1
2019-01-01;93,3;86,81908444447;66,3917388916016;75,77415348893;51,38;78,50976389006;0,93;16,57;1,1444;124,8;30,79;516,5;12,81
2019-02-01;94;84,8397441476;75,3129272460938;80,11719819835;54,95;78,7551312579;0,85;14,78;1,137;129,95;30,59;458,75;12,78
2019-03-01;93,2;84,27847966104;63,7117042541504;81,09669812297;58,15;79,74087081735;1,09;13,71;1,1217;125,7;28,84;458,5;12,65
2019-04-01;93,6;84,70614727318;60,0584602355957;81,59938825983;63,86;79,75727052196;0,97;13,12;1,1215;123,75;28,02;429;12,34
2019-05-01;94,3;84,42242092393;76,1168594360352;78,64918879652;60,83;78,4838518555;0,86;18,709999;1,1167;108,47;27,85;504,88;12,43
2019-06-01;95,4;83,78403663812;73,2574005126953;78,52608899238;54,66;77,85989621593;0,95;15,08;1,1368;110,5;28,49;526;12,62
2019-07-01;95,1;82,70519020904;70,4390258789062;81,0311841945;57,35;76,27774475155;0,92;16,120001;1,1074;106,9;28;486,5;13,2
2019-08-01;94,1;81,7454226209;94,9568939208984;76,04850306889;54,81;74,35811232617;0,92;18,98;1,0989;105;28,81;461,38;12,23
2019-09-01;93,4;77,83964961817;70,8293914794922;77,32280800948;56,95;75,0455427659;0,94;16,24;1,0898;104,58;29,31;495,5;12,65
2019-10-01;95,2;77,73231589264;72,865119934082;76,45733090765;53,96;75,46573343033;0,94;13,22;1,115;111,67;31,25;508,75;12,58
2019-11-01;98,6;75,04271287283;64,525749206543;76,2153055275;57,03;76,34121147822;0,91;12,62;1,1015;121,2;30,85;542,12;12,98
2019-12-01;101;72,6279055745;50,6493339538574;77,46999671243;59,88;77,48034899526;1,05;13,78;1,121;124,7;35,06;559,38;13,54
2020-01-01;102,5;70,83943279756;104,523864746094;77,70223174562;57,52;78,12391607084;1,13;18,84;1,1093;121,38;30,69;553,38;14,35
2020-02-01;99,4;71,03393054992;62,8564376831055;73,01586884976;50,54;76,70506367521;1,16;40,110001;1,1025;112,7;29,04;525,25;14,14
2020-03-01;95,2;73,33180861897;80,5612945556641;68,70687148292;29,21;73,46459985889;1,18;53,540001;1,1029;101,83;27,51;567,75;10,5
2020-04-01;92,5;73,70477445651;67,5395965576172;65,55173456341;16,55;72,17475553839;1,05;34,150002;1,0955;90;26,79;523,5;10,37
2020-05-01;91,1;67,44113093304;75,3538513183594;68,00635609756;28,56;72,40572728537;0,94;27,51;1,1098;99,72;27,71;521,62;10,97
2020-06-01;93,3;66,80329309564;64,8608627319336;73,67846260715;38,31;73,56708986025;0,92;30,43;1,1231;91,65;28,3;490,75;11,96
2020-07-01;94;69,83762234853;61,8196792602539;79,08970395683;40,71;74,23787938026;0,92;24,459999;1,1774;102,83;30,51;531;13,2
2020-08-01;95,9;75,95903849742;55,425365447998;83,4806021787;42,34;76,39798836893;0,94;26,41;1,1936;104,5;32,86;546,5;13,28
2020-09-01;98;76,85697662166;59,5341720581055;85,11530461915;39,63;76,05747625405;0,94;26,370001;1,1718;108,55;33,19;578,12;13,51
2020-10-01;101,4;76,59469395956;54,3387870788574;85,49279171456;39,4;77,661571094;0,83;38,02;1,1647;105,97;33,24;598,5;13,39
2020-11-01;105,6;77,13672568781;50,4461975097656;90,27961371441;40,94;78,83032236107;0,95;20,57;1,1928;110,17;37,27;581;13,82
2020-12-01;108,6;78,83007656849;56,5989036560059;99,65051284839;47,02;79,89135836298;0,78;22,75;1,2213;112,95;41,52;641,75;14,68
2021-01-01;113,5;82,95833859268;61,5924987792969;102,83930165922;52;81,14882572841;0,78;33,09;1,2136;115,05;43,28;662,62;15,08
2021-02-01;116,6;100,06812709842;52,2096061706543;106,39235642069;59,04;82,80857965199;0,64;27,950001;1,2074;113,1;48,8;660,12;16,45
2021-03-01;119,2;104,16787797429;53,8703231811523;110,22138894177;62,33;82,78242179302;0,86;19,4;1,1728;120,97;48,79;618,75;14,77
2021-04-01;122,1;101,5563928027;59,9479217529297;115,32305325422;61,72;81,99196568283;0,8;18,610001;1,2018;116;57,47;735,3;16,98
2021-05-01;128,1;106,07097338935;70,3401489257812;125,79331317163;65,17;82,7859001973;0,81;16,76;1,2225;115,88;61,01;664,12;17,39
2021-06-01;125,3;119,76779783382;59,444995880127;124,27319007871;71,38;82,53138887355;0,89;15,83;1,1855;122,5;63,11;680,25;17,89
2021-07-01;124,6;126,956660526;46,8613166809082;124,52060140874;72,49;82,04859395724;0,93;18,24;1,187;122,08;63,54;703,5;18,43
2021-08-01;128;130,74924011083;59,9223518371582;119,04408323908;67,73;82,65466384297;0,89;16,48;1,1807;118,95;58,75;724;20,55
2021-09-01;129,2;129,48739967048;64,5265350341797;116,81299071857;71,65;82,5612085985;0,89;23,139999;1,1581;120,58;58,55;725,75;20,34
2021-10-01;133,2;171,5329667678;53,451171875;121,38096364349;81,48;84,90254068192;0,89;16,26;1,1561;127,38;60,44;772,75;18,95
2021-11-01;135,3;204,5106148309;52,6596870422363;114,01717045649;79,15;85,26512737411;0,91;27,190001;1,1336;135,88;55,32;773,75;18,28
2021-12-01;133,7;208,00559977197;69,290397644043;116,71518298657;71,71;83,87235707517;0,84;17,219999;1,1368;138,9;56,57;770,75;18,6
2022-01-01;135,6;200,4990322563;84,9997482299805;125,2296412723;83,22;86,17551963434;0,89;24,83;1,1233;139,57;64,4;761,25;17,8
2022-02-01;141,2;196,43653608509;120,228454589844;131,17650136422;91,64;87,01380441267;0,81;30,15;1,1219;140,5;70,79;928;17,7
2022-03-01;159,7;232,53319432902;167,167785644531;141,28333939754;108,5;85,87625536371;0,94;20,559999;1,1065;139,38;66,76;1006;19,32
2022-04-01;158,4;254,9746498198;127,619697570801;138,09414281218;101,78;86,00984949518;0,85;33,400002;1,0541;141,9;79,95;1055,75;19,15
2022-05-01;158,1;223,11100004107;100,383293151855;122,45551742174;109,55;84,96629829663;0,79;26,190001;1,0733;130,53;75,58;1088;19,57
2022-06-01;154,7;220,28345071706;100,071273803711;115,70475261365;114,84;83,07446280798;0,89;28,709999;1,0482;138;65,68;884;18,5
2022-07-01;140,6;213,08180121774;97,6230239868164;100,15401234907;101,62;79,04475319025;0,88;21,33;1,0218;136,45;65,82;807,75;17,69
2022-08-01;137,6;209,85642783308;120,197723388672;103,81183514783;93,67;78,04537594416;0,91;25,870001;1,0057;141,55;67,49;831,5;17,77
2022-09-01;136;222,51252948383;112,84644317627;97,77195427397;84,26;73,4716878842;0,88;31,620001;0,9799;143,28;61,56;921,5;17,68
2022-10-01;135,4;214,26485630355;129,020980834961;96,08712093313;87,55;71,3889815498;0,9;25,879999;0,9883;146,78;73,21;882,25;17,97
2022-11-01;135;201,82861031826;100,328674316406;100,91678827657;84,37;72,92116593421;0,75;20,58;1,0405;153,07;75,23;795,5;19,63
2022-12-01;132,4;189,59596340287;95,4142761230469;107,60328090433;76,44;75,24536624121;0,8;21,67;1,0702;154,82;63,81;792;20,04